dates,SanFrancisco_California_UnitedStates.JHU_ConfirmedCases.data,SanFrancisco_California_UnitedStates.JHU_ConfirmedCases.missing,SanFrancisco_California_UnitedStates.Apple_WalkingMobility.data,SanFrancisco_California_UnitedStates.Apple_WalkingMobility.missing,SanFrancisco_California_UnitedStates.Apple_TransitMobility.data,SanFrancisco_California_UnitedStates.Apple_TransitMobility.missing,SanFrancisco_California_UnitedStates.JHU_ConfirmedDeaths.data,SanFrancisco_California_UnitedStates.JHU_ConfirmedDeaths.missing,SantaClara_California_UnitedStates.JHU_ConfirmedCases.data,SantaClara_California_UnitedStates.JHU_ConfirmedCases.missing,SantaClara_California_UnitedStates.Apple_WalkingMobility.data,SantaClara_California_UnitedStates.Apple_WalkingMobility.missing,SantaClara_California_UnitedStates.Apple_TransitMobility.data,SantaClara_California_UnitedStates.Apple_TransitMobility.missing,SantaClara_California_UnitedStates.JHU_ConfirmedDeaths.data,SantaClara_California_UnitedStates.JHU_ConfirmedDeaths.missing,Alameda_California_UnitedStates.JHU_ConfirmedCases.data,Alameda_California_UnitedStates.JHU_ConfirmedCases.missing,Alameda_California_UnitedStates.Apple_WalkingMobility.data,Alameda_California_UnitedStates.Apple_WalkingMobility.missing,Alameda_California_UnitedStates.Apple_TransitMobility.data,Alameda_California_UnitedStates.Apple_TransitMobility.missing,Alameda_California_UnitedStates.JHU_ConfirmedDeaths.data,Alameda_California_UnitedStates.JHU_ConfirmedDeaths.missing,SanMateo_California_UnitedStates.JHU_ConfirmedCases.data,SanMateo_California_UnitedStates.JHU_ConfirmedCases.missing,SanMateo_California_UnitedStates.Apple_WalkingMobility.data,SanMateo_California_UnitedStates.Apple_WalkingMobility.missing,SanMateo_California_UnitedStates.Apple_TransitMobility.data,SanMateo_California_UnitedStates.Apple_TransitMobility.missing,SanMateo_California_UnitedStates.JHU_ConfirmedDeaths.data,SanMateo_California_UnitedStates.JHU_ConfirmedDeaths.missing,SanFrancisco_California_UnitedStates.Apple_DrivingMobility.data,SanFrancisco_California_UnitedStates.Apple_DrivingMobility.missing,SanFrancisco_California_UnitedStates.Google_ResidentialMobility.data,SanFrancisco_California_UnitedStates.Google_ResidentialMobility.missing,SanFrancisco_California_UnitedStates.Google_GroceryMobility.data,SanFrancisco_California_UnitedStates.Google_GroceryMobility.missing,SanFrancisco_California_UnitedStates.Google_ParksMobility.data,SanFrancisco_California_UnitedStates.Google_ParksMobility.missing,SantaClara_California_UnitedStates.Apple_DrivingMobility.data,SantaClara_California_UnitedStates.Apple_DrivingMobility.missing,SantaClara_California_UnitedStates.Google_ResidentialMobility.data,SantaClara_California_UnitedStates.Google_ResidentialMobility.missing,SantaClara_California_UnitedStates.Google_GroceryMobility.data,SantaClara_California_UnitedStates.Google_GroceryMobility.missing,SantaClara_California_UnitedStates.Google_ParksMobility.data,SantaClara_California_UnitedStates.Google_ParksMobility.missing,Alameda_California_UnitedStates.Apple_DrivingMobility.data,Alameda_California_UnitedStates.Apple_DrivingMobility.missing,Alameda_California_UnitedStates.Google_ResidentialMobility.data,Alameda_California_UnitedStates.Google_ResidentialMobility.missing,Alameda_California_UnitedStates.Google_GroceryMobility.data,Alameda_California_UnitedStates.Google_GroceryMobility.missing,Alameda_California_UnitedStates.Google_ParksMobility.data,Alameda_California_UnitedStates.Google_ParksMobility.missing,SanMateo_California_UnitedStates.Apple_DrivingMobility.data,SanMateo_California_UnitedStates.Apple_DrivingMobility.missing,SanMateo_California_UnitedStates.Google_ResidentialMobility.data,SanMateo_California_UnitedStates.Google_ResidentialMobility.missing,SanMateo_California_UnitedStates.Google_GroceryMobility.data,SanMateo_California_UnitedStates.Google_GroceryMobility.missing,SanMateo_California_UnitedStates.Google_ParksMobility.data,SanMateo_California_UnitedStates.Google_ParksMobility.missing,SanFrancisco_California_UnitedStates.Google_WorkplacesMobility.data,SanFrancisco_California_UnitedStates.Google_WorkplacesMobility.missing,SanFrancisco_California_UnitedStates.Google_RetailMobility.data,SanFrancisco_California_UnitedStates.Google_RetailMobility.missing,SanFrancisco_California_UnitedStates.Google_TransitStationsMobility.data,SanFrancisco_California_UnitedStates.Google_TransitStationsMobility.missing,SanFrancisco_California_UnitedStates.PlaceIQ_DeviceExposure_Adjusted.data,SanFrancisco_California_UnitedStates.PlaceIQ_DeviceExposure_Adjusted.missing,SantaClara_California_UnitedStates.Google_WorkplacesMobility.data,SantaClara_California_UnitedStates.Google_WorkplacesMobility.missing,SantaClara_California_UnitedStates.Google_RetailMobility.data,SantaClara_California_UnitedStates.Google_RetailMobility.missing,SantaClara_California_UnitedStates.Google_TransitStationsMobility.data,SantaClara_California_UnitedStates.Google_TransitStationsMobility.missing,SantaClara_California_UnitedStates.PlaceIQ_DeviceExposure_Adjusted.data,SantaClara_California_UnitedStates.PlaceIQ_DeviceExposure_Adjusted.missing,Alameda_California_UnitedStates.Google_WorkplacesMobility.data,Alameda_California_UnitedStates.Google_WorkplacesMobility.missing,Alameda_California_UnitedStates.Google_RetailMobility.data,Alameda_California_UnitedStates.Google_RetailMobility.missing,Alameda_California_UnitedStates.Google_TransitStationsMobility.data,Alameda_California_UnitedStates.Google_TransitStationsMobility.missing,Alameda_California_UnitedStates.PlaceIQ_DeviceExposure_Adjusted.data,Alameda_California_UnitedStates.PlaceIQ_DeviceExposure_Adjusted.missing,SanMateo_California_UnitedStates.Google_WorkplacesMobility.data,SanMateo_California_UnitedStates.Google_WorkplacesMobility.missing,SanMateo_California_UnitedStates.Google_RetailMobility.data,SanMateo_California_UnitedStates.Google_RetailMobility.missing,SanMateo_California_UnitedStates.Google_TransitStationsMobility.data,SanMateo_California_UnitedStates.Google_TransitStationsMobility.missing,SanMateo_California_UnitedStates.PlaceIQ_DeviceExposure_Adjusted.data,SanMateo_California_UnitedStates.PlaceIQ_DeviceExposure_Adjusted.missing
2020-02-15,0.0,0,119.03,0,130.17,0,0.0,0,2.0,0,136.44,0,82.3,0,0.0,0,0.0,0,168.0,0,121.05,0,0.0,0,0.0,0,124.93,0,94.58,0,0.0,0,138.21,0,99.0,0,102.0,0,123.0,0,107.36,0,99.0,0,97.0,0,118.0,0,120.59,0,99.0,0,100.0,0,122.0,0,106.68,0,99.0,0,100.0,0,124.0,0,101.0,0,106.0,0,99.0,0,233.0344,0,99.0,0,97.0,0,100.0,0,192.607,0,100.0,0,101.0,0,101.0,0,160.6675,0,99.0,0,99.0,0,97.0,0,228.0654,0
2020-02-16,0.0,0,90.77,0,112.71,0,0.0,0,2.0,0,110.76,0,73.38,0,0.0,0,0.0,0,125.55,0,101.9,0,0.0,0,0.0,0,96.97,0,79.04,0,0.0,0,117.74,0,99.0,0,98.0,0,130.0,0,87.21,0,98.0,0,96.0,0,122.0,0,98.13,0,98.0,0,100.0,0,124.0,0,89.11,0,98.0,0,102.0,0,125.0,0,101.0,0,108.0,0,108.0,0,173.4463,0,99.0,0,99.0,0,93.0,0,173.2373,0,101.0,0,107.0,0,105.0,0,140.9362,0,96.0,0,103.0,0,93.0,0,195.1954,0
2020-02-17,0.0,0,63.48,0,105.58,0,0.0,0,2.0,0,103.35,0,86.77,0,0.0,0,0.0,0,118.8,0,106.74,0,0.0,0,0.0,0,100.35,0,88.57,0,0.0,0,97.94,0,111.0,0,102.0,0,148.0,0,93.86,0,112.0,0,104.0,0,166.0,0,99.27,0,111.0,0,101.0,0,155.0,0,96.04,0,111.0,0,106.0,0,203.0,0,41.0,0,106.0,0,64.0,0,148.2224,0,42.0,0,114.0,0,79.0,0,190.1158,0,47.0,0,113.0,0,69.0,0,171.09400000000002,0,44.0,0,115.0,0,92.0,0,218.5279,0
2020-02-18,0.0,0,61.69,0,113.05,0,0.0,0,2.0,0,110.51,0,106.37,0,0.0,0,0.0,0,118.05,0,114.81,0,0.0,0,0.0,0,104.97,0,98.77,0,0.0,0,96.58,0,100.0,0,102.0,0,116.0,0,105.72,0,101.0,0,97.0,0,119.0,0,113.86,0,100.0,0,103.0,0,121.0,0,103.2,0,100.0,0,102.0,0,124.0,0,101.0,0,97.0,0,97.0,0,165.5144,0,92.0,0,99.0,0,104.0,0,142.7617,0,100.0,0,98.0,0,103.0,0,121.679,0,96.0,0,98.0,0,104.0,0,154.9861,0
2020-02-19,0.0,0,65.63,0,117.4,0,0.0,0,2.0,0,111.33,0,105.95,0,0.0,0,0.0,0,125.93,0,115.76,0,0.0,0,0.0,0,105.38,0,102.77,0,0.0,0,98.53,0,100.0,0,98.0,0,106.0,0,106.33,0,101.0,0,97.0,0,112.0,0,110.3,0,100.0,0,100.0,0,114.0,0,100.83,0,101.0,0,100.0,0,116.0,0,100.0,0,98.0,0,99.0,0,185.7563,0,93.0,0,98.0,0,100.0,0,139.1466,0,100.0,0,99.0,0,101.0,0,120.6193,0,97.0,0,99.0,0,98.0,0,156.7636,0
2020-02-20,0.0,0,74.52,0,120.86,0,0.0,0,2.0,0,116.03,0,105.11,0,0.0,0,0.0,0,128.96,0,120.87,0,0.0,0,0.0,0,108.31,0,102.0,0,0.0,0,105.25,0,100.0,0,99.0,0,116.0,0,109.08,0,101.0,0,98.0,0,118.0,0,114.03,0,100.0,0,101.0,0,113.0,0,106.63,0,100.0,0,101.0,0,115.0,0,100.0,0,103.0,0,101.0,0,209.5499,0,92.0,0,100.0,0,99.0,0,149.7761,0,100.0,0,101.0,0,102.0,0,134.7837,0,97.0,0,98.0,0,99.0,0,181.4973,0
2020-02-21,0.0,0,89.3,0,138.77,0,0.0,0,2.0,0,130.4,0,105.38,0,0.0,0,0.0,0,158.88,0,139.07,0,0.0,0,0.0,0,121.92,0,106.53,0,0.0,0,123.28,0,100.0,0,101.0,0,114.0,0,121.19,0,102.0,0,95.0,0,102.0,0,134.5,0,100.0,0,101.0,0,108.0,0,119.42,0,101.0,0,100.0,0,110.0,0,103.0,0,100.0,0,100.0,0,216.9313,0,93.0,0,97.0,0,93.0,0,175.3637,0,103.0,0,101.0,0,99.0,0,156.7191,0,97.0,0,99.0,0,100.0,0,202.69099999999997,0
2020-02-22,0.0,0,97.5,0,131.94,0,0.0,0,2.0,0,138.09,0,87.84,0,0.0,0,0.0,0,175.08,0,129.64,0,0.0,0,0.0,0,131.02,0,96.55,0,0.0,0,129.65,0,100.0,0,100.0,0,104.0,0,111.05,0,99.0,0,99.0,0,126.0,0,127.31,0,99.0,0,103.0,0,118.0,0,110.89,0,99.0,0,102.0,0,117.0,0,103.0,0,100.0,0,95.0,0,182.1654,0,103.0,0,97.0,0,93.0,0,179.0508,0,104.0,0,101.0,0,98.0,0,159.4712,0,102.0,0,100.0,0,96.0,0,211.8255,0
2020-02-23,0.0,0,73.6,0,105.74,0,0.0,0,2.0,0,100.44,0,74.88,0,0.0,0,0.0,0,140.14,0,108.04,0,0.0,0,0.0,0,94.17,0,81.84,0,0.0,0,107.05,0,100.0,0,101.0,0,116.0,0,86.68,0,99.0,0,101.0,0,127.0,0,99.06,0,99.0,0,104.0,0,126.0,0,87.93,0,99.0,0,108.0,0,115.0,0,104.0,0,102.0,0,101.0,0,155.3051,0,104.0,0,101.0,0,96.0,0,160.7329,0,103.0,0,104.0,0,115.0,0,137.3589,0,101.0,0,104.0,0,101.0,0,189.6244,0
2020-02-24,0.0,0,74.03,0,109.13,0,0.0,0,2.0,0,106.22,0,104.22,0,0.0,0,0.0,0,119.53,0,115.69,0,0.0,0,0.0,0,104.59,0,92.38,0,0.0,0,99.49,0,100.0,0,102.0,0,115.0,0,106.08,0,100.0,0,101.0,0,113.0,0,107.56,0,100.0,0,100.0,0,109.0,0,103.69,0,100.0,0,102.0,0,119.0,0,102.0,0,103.0,0,101.0,0,220.26,0,104.0,0,100.0,0,99.0,0,130.6328,0,104.0,0,100.0,0,100.0,0,126.9059,0,103.0,0,100.0,0,103.0,0,168.597,0
2020-02-25,0.0,0,84.2,0,113.27,0,0.0,0,2.0,0,108.97,0,100.83,0,0.0,0,0.0,0,120.27,0,113.95,0,0.0,0,0.0,0,106.11,0,91.24,0,0.0,0,104.65,0,99.0,0,104.0,0,131.0,0,110.96,0,100.0,0,102.0,0,124.0,0,110.9,0,99.0,0,102.0,0,126.0,0,106.52,0,99.0,0,106.0,0,134.0,0,103.0,0,110.0,0,104.0,0,212.74900000000002,0,104.0,0,102.0,0,100.0,0,116.685,0,103.0,0,101.0,0,105.0,0,117.8421,0,102.0,0,101.0,0,96.0,0,159.4799,0
2020-02-26,0.0,0,82.15,0,117.41,0,0.0,0,2.0,0,112.95,0,105.05,0,0.0,0,0.0,0,130.44,0,120.6,0,0.0,0,0.0,0,112.44,0,95.17,0,0.0,0,105.01,0,100.0,0,103.0,0,113.0,0,114.45,0,99.0,0,103.0,0,115.0,0,112.18,0,99.0,0,102.0,0,120.0,0,115.13,0,99.0,0,107.0,0,125.0,0,100.0,0,104.0,0,101.0,0,211.4481,0,103.0,0,102.0,0,102.0,0,128.5804,0,102.0,0,102.0,0,103.0,0,126.4494,0,102.0,0,103.0,0,99.0,0,170.3103,0
2020-02-27,0.0,0,79.53,0,123.27,0,0.0,0,2.0,0,112.91,0,96.65,0,0.0,0,0.0,0,128.25,0,119.42,0,0.0,0,0.0,0,114.22,0,96.7,0,0.0,0,108.17,0,99.0,0,103.0,0,120.0,0,114.7,0,99.0,0,105.0,0,124.0,0,116.01,0,99.0,0,104.0,0,123.0,0,116.47,0,99.0,0,107.0,0,123.0,0,101.0,0,105.0,0,104.0,0,239.0792,0,102.0,0,104.0,0,102.0,0,153.1957,0,102.0,0,104.0,0,104.0,0,145.1324,0,101.0,0,102.0,0,103.0,0,189.7763,0
2020-02-28,0.0,0,82.6,0,131.2,0,0.0,0,2.0,0,141.6,0,105.38,0,0.0,0,0.0,0,149.78,0,131.1,0,0.0,0,0.0,0,121.34,0,100.2,0,0.0,0,123.29,0,100.0,0,105.0,0,106.0,0,126.2,0,100.0,0,106.0,0,110.0,0,130.89,0,100.0,0,105.0,0,108.0,0,121.11,0,100.0,0,109.0,0,106.0,0,102.0,0,99.0,0,98.0,0,243.4391,0,104.0,0,102.0,0,96.0,0,194.3764,0,104.0,0,103.0,0,100.0,0,172.6054,0,102.0,0,101.0,0,102.0,0,224.7347,0
2020-02-29,0.0,0,84.43,0,117.4,0,0.0,0,3.0,0,147.17,0,88.35,0,0.0,0,0.0,0,161.36,0,120.23,0,0.0,0,0.0,0,117.26,0,89.14,0,0.0,0,117.48,0,101.0,0,103.0,0,93.0,0,112.64,0,100.0,0,109.0,0,122.0,0,123.67,0,99.0,0,107.0,0,114.0,0,103.53,0,100.0,0,110.0,0,102.0,0,102.0,0,95.0,0,87.0,0,168.3,0,104.0,0,101.0,0,96.0,0,193.0273,0,103.0,0,102.0,0,96.0,0,172.0667,0,102.0,0,100.0,0,94.0,0,226.5839,0
2020-03-01,0.0,0,61.08,0,93.69,0,0.0,0,3.0,0,99.83,0,71.13,0,0.0,0,0.0,0,111.07,0,97.21,0,0.0,0,0.0,0,86.87,0,77.94,0,0.0,0,95.45,0,100.0,0,104.0,0,101.0,0,84.2,0,100.0,0,106.0,0,117.0,0,92.35,0,100.0,0,109.0,0,115.0,0,79.26,0,100.0,0,115.0,0,115.0,0,104.0,0,96.0,0,95.0,0,142.996,0,104.0,0,101.0,0,92.0,0,165.6448,0,104.0,0,106.0,0,101.0,0,154.642,0,101.0,0,102.0,0,93.0,0,198.3702,0
2020-03-02,0.0,0,56.9,0,99.8,0,0.0,0,9.0,0,97.44,0,95.31,0,0.0,0,0.0,0,113.48,0,106.53,0,0.0,0,1.0,0,101.5,0,86.07,0,0.0,0,91.03,0,101.0,0,110.0,0,113.0,0,102.35,0,100.0,0,109.0,0,116.0,0,106.76,0,100.0,0,107.0,0,107.0,0,97.59,0,100.0,0,112.0,0,119.0,0,100.0,0,98.0,0,94.0,0,179.2541,0,103.0,0,102.0,0,94.0,0,133.2597,0,103.0,0,104.0,0,99.0,0,131.3167,0,102.0,0,102.0,0,93.0,0,170.3955,0
2020-03-03,0.0,0,63.09,0,105.44,0,0.0,0,11.0,0,112.1,0,96.54,0,0.0,0,1.0,0,135.33,0,110.51,0,0.0,0,2.0,0,109.86,0,86.83,0,0.0,0,98.93,0,101.0,0,112.0,0,112.0,0,110.84,0,100.0,0,107.0,0,154.0,0,113.19,0,99.0,0,112.0,0,141.0,0,107.87,0,100.0,0,111.0,0,139.0,0,99.0,0,101.0,0,97.0,0,181.1193,0,102.0,0,106.0,0,95.0,0,119.8059,0,101.0,0,105.0,0,100.0,0,115.7433,0,101.0,0,103.0,0,87.0,0,154.7948,0
2020-03-04,0.0,0,62.48,0,110.92,0,0.0,0,11.0,0,105.74,0,98.89,0,0.0,0,1.0,0,120.28,0,113.6,0,0.0,0,2.0,0,99.59,0,91.82,0,0.0,0,96.34,0,102.0,0,105.0,0,100.0,0,106.81,0,101.0,0,105.0,0,135.0,0,110.67,0,100.0,0,106.0,0,123.0,0,101.48,0,101.0,0,106.0,0,126.0,0,98.0,0,96.0,0,96.0,0,174.7018,0,102.0,0,99.0,0,93.0,0,122.5455,0,101.0,0,101.0,0,97.0,0,120.75,0,100.0,0,100.0,0,90.0,0,153.8629,0
2020-03-05,2.0,0,62.76,0,107.89,0,0.0,0,20.0,0,110.62,0,97.16,0,0.0,0,1.0,0,119.83,0,108.67,0,0.0,0,2.0,0,101.49,0,89.91,0,0.0,0,99.87,0,102.0,0,106.0,0,92.0,0,109.95,0,101.0,0,105.0,0,138.0,0,111.64,0,101.0,0,106.0,0,112.0,0,108.42,0,102.0,0,108.0,0,108.0,0,96.0,0,96.0,0,91.0,0,171.9701,0,100.0,0,100.0,0,91.0,0,135.1665,0,99.0,0,101.0,0,95.0,0,120.9514,0,97.0,0,100.0,0,89.0,0,163.2991,0
2020-03-06,2.0,0,69.63,0,115.75,0,0.0,0,20.0,0,117.49,0,112.68,0,0.0,0,1.0,0,153.54,0,124.76,0,0.0,0,2.0,0,110.38,0,101.77,0,0.0,0,108.02,0,105.0,0,106.0,0,85.0,0,117.88,0,104.0,0,105.0,0,118.0,0,125.77,0,102.0,0,105.0,0,99.0,0,109.71,0,104.0,0,108.0,0,101.0,0,92.0,0,91.0,0,83.0,0,191.6208,0,95.0,0,96.0,0,83.0,0,163.4611,0,100.0,0,101.0,0,93.0,0,153.1823,0,94.0,0,97.0,0,84.0,0,200.845,0
2020-03-07,9.0,0,72.84,0,98.13,0,0.0,0,32.0,0,116.22,0,76.35,0,0.0,0,2.0,0,145.27,0,103.22,0,0.0,0,2.0,0,105.74,0,84.23,0,0.0,0,104.05,0,104.0,0,101.0,0,81.0,0,99.77,0,104.0,0,100.0,0,83.0,0,112.82,0,103.0,0,104.0,0,77.0,0,92.82,0,104.0,0,106.0,0,82.0,0,100.0,0,88.0,0,76.0,0,150.7134,0,100.0,0,90.0,0,82.0,0,159.2167,0,101.0,0,94.0,0,86.0,0,151.9045,0,100.0,0,94.0,0,79.0,0,196.3721,0
2020-03-08,9.0,0,53.12,0,78.8,0,0.0,0,38.0,0,85.07,0,71.57,0,0.0,0,2.0,0,103.85,0,85.32,0,0.0,0,2.0,0,80.45,0,68.94,0,0.0,0,84.55,0,103.0,0,96.0,0,92.0,0,75.47,0,102.0,0,98.0,0,120.0,0,85.35,0,101.0,0,104.0,0,114.0,0,73.87,0,102.0,0,107.0,0,118.0,0,98.0,0,87.0,0,82.0,0,103.7143,0,100.0,0,92.0,0,81.0,0,139.2635,0,101.0,0,98.0,0,92.0,0,119.0212,0,98.0,0,96.0,0,77.0,0,161.6317,0
2020-03-09,9.0,0,47.91,0,90.07,0,0.0,0,38.0,0,88.07,0,115.1,0,0.0,0,2.0,0,105.33,0,95.63,0,0.0,0,2.0,0,89.96,0,85.81,0,0.0,0,82.58,0,108.0,0,107.0,0,102.0,0,91.32,0,106.0,0,103.0,0,129.0,0,97.56,0,104.0,0,106.0,0,118.0,0,86.81,0,105.0,0,106.0,0,124.0,0,82.0,0,92.0,0,78.0,0,72.1168,0,88.0,0,97.0,0,76.0,0,58.5901,0,94.0,0,100.0,0,85.0,0,59.5712,0,89.0,0,99.0,0,76.0,0,69.6152,0
2020-03-10,14.0,0,51.07,0,94.31,0,0.0,0,43.0,0,85.74,0,104.21,0,1.0,0,3.0,0,106.21,0,93.71,0,0.0,0,8.0,0,93.61,0,79.94,0,0.0,0,88.6,0,109.0,0,110.0,0,109.0,0,94.47,0,107.0,0,106.0,0,130.0,0,102.62,0,104.0,0,108.0,0,129.0,0,90.8,0,107.0,0,109.0,0,133.0,0,79.0,0,94.0,0,76.0,0,112.90299999999999,0,84.0,0,97.0,0,72.0,0,81.0422,0,91.0,0,99.0,0,85.0,0,88.6536,0,86.0,0,99.0,0,71.0,0,107.4916,0
2020-03-11,14.0,0,49.17,0,89.74,0,0.0,0,48.0,0,87.91,0,101.3,0,1.0,0,5.0,0,107.59,0,92.56,0,0.0,0,15.0,0,91.28,0,79.16,0,0.0,0,84.78,0,111.0,0,108.0,0,103.0,0,92.92,0,109.0,0,110.0,0,137.0,0,101.67,0,105.0,0,107.0,0,131.0,0,88.75,0,108.0,0,111.0,0,131.0,0,74.0,0,87.0,0,70.0,0,47.1756,0,78.0,0,96.0,0,68.0,0,34.5643,0,88.0,0,99.0,0,82.0,0,38.1631,0,82.0,0,98.0,0,72.0,0,51.5973,0
2020-03-12,18.0,0,44.14,0,75.77,0,0.0,0,52.0,0,85.35,0,94.26,0,1.0,0,5.0,0,103.64,0,82.94,0,0.0,0,20.0,0,85.73,0,69.52,0,0.0,0,80.3,0,114.0,0,116.0,0,96.0,0,90.39,0,111.0,0,116.0,0,142.0,0,98.21,0,107.0,0,116.0,0,126.0,0,84.75,0,110.0,0,120.0,0,124.0,0,68.0,0,83.0,0,65.0,0,43.0385,0,73.0,0,96.0,0,63.0,0,35.8527,0,84.0,0,99.0,0,75.0,0,41.001999999999995,0,77.0,0,97.0,0,68.0,0,50.5707,0
2020-03-13,23.0,0,44.59,0,73.43,0,0.0,0,79.0,0,88.16,0,101.91,0,1.0,0,7.0,0,107.55,0,78.47,0,0.0,0,20.0,0,89.57,0,69.19,0,0.0,0,83.67,0,115.0,0,117.0,0,84.0,0,92.58,0,113.0,0,128.0,0,114.0,0,104.81,0,108.0,0,126.0,0,103.0,0,87.85,0,112.0,0,128.0,0,104.0,0,65.0,0,74.0,0,60.0,0,46.4855,0,70.0,0,91.0,0,59.0,0,52.0595,0,83.0,0,94.0,0,70.0,0,55.648,0,74.0,0,93.0,0,62.0,0,66.676,0
2020-03-14,28.0,0,33.77,0,47.19,0,0.0,0,95.0,0,72.14,0,47.8,0,1.0,0,11.0,0,81.9,0,54.53,0,0.0,0,32.0,0,65.72,0,44.81,0,0.0,0,64.83,0,111.0,0,101.0,0,46.0,0,68.29,0,109.0,0,111.0,0,66.0,0,77.56,0,109.0,0,111.0,0,45.0,0,64.27,0,110.0,0,114.0,0,44.0,0,87.0,0,59.0,0,52.0,0,65.2147,0,90.0,0,73.0,0,64.0,0,80.464,0,92.0,0,75.0,0,61.0,0,82.7297,0,90.0,0,76.0,0,62.0,0,107.956,0
2020-03-15,28.0,0,23.7,0,38.33,0,0.0,0,91.0,0,50.71,0,52.08,0,2.0,0,11.0,0,59.77,0,44.72,0,0.0,0,32.0,0,51.77,0,39.59,0,0.0,0,50.33,0,110.0,0,99.0,0,65.0,0,50.55,0,109.0,0,101.0,0,64.0,0,56.24,0,108.0,0,106.0,0,59.0,0,48.06,0,109.0,0,111.0,0,68.0,0,85.0,0,58.0,0,59.0,0,55.1447,0,85.0,0,69.0,0,58.0,0,67.1267,0,89.0,0,75.0,0,64.0,0,70.3695,0,86.0,0,76.0,0,58.0,0,94.1638,0
2020-03-16,40.0,0,21.89,0,35.13,0,0.0,0,138.0,0,64.82,0,62.44,0,2.0,0,18.0,0,73.65,0,46.21,0,0.0,0,41.0,0,67.93,0,41.86,0,1.0,0,59.94,0,120.0,0,132.0,0,80.0,0,70.22,0,119.0,0,149.0,0,91.0,0,78.35,0,114.0,0,139.0,0,82.0,0,65.69,0,117.0,0,147.0,0,94.0,0,46.0,0,68.0,0,48.0,0,40.6787,0,51.0,0,92.0,0,49.0,0,50.485,0,64.0,0,94.0,0,56.0,0,57.1103,0,57.0,0,95.0,0,55.0,0,57.781000000000006,0
2020-03-17,43.0,0,12.31,0,19.71,0,0.0,0,155.0,0,45.66,0,48.61,0,4.0,0,27.0,0,52.5,0,29.14,0,0.0,0,64.0,0,48.42,0,28.88,0,1.0,0,36.16,0,132.0,0,89.0,0,73.0,0,45.65,0,130.0,0,95.0,0,86.0,0,51.51,0,126.0,0,96.0,0,90.0,0,42.67,0,129.0,0,100.0,0,98.0,0,28.0,0,36.0,0,30.0,0,14.6365,0,31.0,0,53.0,0,37.0,0,18.6969,0,41.0,0,56.0,0,39.0,0,23.8038,0,38.0,0,56.0,0,44.0,0,24.1747,0
2020-03-18,51.0,0,12.01,0,19.53,0,0.0,0,175.0,0,45.44,0,47.03,0,6.0,0,30.0,0,53.78,0,25.83,0,0.0,0,80.0,0,50.23,0,26.24,0,1.0,0,34.32,0,133.0,0,82.0,0,65.0,0,42.82,0,131.0,0,88.0,0,80.0,0,49.39,0,127.0,0,90.0,0,90.0,0,40.77,0,130.0,0,91.0,0,93.0,0,27.0,0,33.0,0,28.0,0,13.722999999999999,0,30.0,0,51.0,0,34.0,0,17.9634,0,40.0,0,54.0,0,36.0,0,20.9365,0,36.0,0,53.0,0,38.0,0,21.2742,0
2020-03-19,70.0,0,13.75,0,19.92,0,0.0,0,189.0,0,48.19,0,46.62,0,6.0,0,38.0,0,54.04,0,25.55,0,0.0,0,89.0,0,54.45,0,28.73,0,1.0,0,35.54,0,133.0,0,84.0,0,75.0,0,43.85,0,131.0,0,90.0,0,119.0,0,49.93,0,127.0,0,91.0,0,116.0,0,42.09,0,131.0,0,93.0,0,120.0,0,27.0,0,34.0,0,29.0,0,13.8601,0,30.0,0,52.0,0,33.0,0,16.5418,0,39.0,0,55.0,0,34.0,0,20.5633,0,35.0,0,54.0,0,34.0,0,19.2946,0
2020-03-20,76.0,0,13.21,0,19.23,0,0.0,0,196.0,0,52.79,0,46.81,0,8.0,0,48.0,0,56.91,0,26.65,0,0.0,0,100.0,0,52.54,0,25.13,0,1.0,0,38.48,0,134.0,0,84.0,0,64.0,0,46.1,0,133.0,0,88.0,0,104.0,0,51.87,0,128.0,0,90.0,0,100.0,0,43.68,0,132.0,0,93.0,0,111.0,0,28.0,0,31.0,0,30.0,0,19.2226,0,31.0,0,48.0,0,31.0,0,26.2496,0,41.0,0,51.0,0,35.0,0,34.6297,0,36.0,0,51.0,0,32.0,0,33.2872,0
2020-03-21,84.0,0,13.78,0,14.91,0,0.0,0,263.0,0,44.06,0,25.43,0,8.0,0,68.0,0,49.28,0,22.32,0,0.0,0,110.0,0,50.13,0,19.0,0,1.0,0,33.2,0,120.0,0,78.0,0,62.0,0,37.15,0,119.0,0,75.0,0,85.0,0,41.75,0,118.0,0,82.0,0,90.0,0,38.45,0,120.0,0,84.0,0,114.0,0,51.0,0,27.0,0,35.0,0,12.1934,0,55.0,0,39.0,0,38.0,0,16.9202,0,61.0,0,42.0,0,40.0,0,22.2391,0,59.0,0,43.0,0,32.0,0,21.5566,0
2020-03-22,108.0,0,11.33,0,16.13,0,0.0,0,263.0,0,36.65,0,38.02,0,8.0,0,71.0,0,41.75,0,19.34,0,0.0,0,117.0,0,42.35,0,23.46,0,1.0,0,27.44,0,119.0,0,70.0,0,66.0,0,30.06,0,117.0,0,67.0,0,82.0,0,33.7,0,115.0,0,76.0,0,99.0,0,30.26,0,117.0,0,78.0,0,102.0,0,52.0,0,28.0,0,38.0,0,7.9683,0,54.0,0,38.0,0,33.0,0,11.4637,0,60.0,0,43.0,0,39.0,0,14.3508,0,56.0,0,42.0,0,26.0,0,15.0694,0
2020-03-23,131.0,0,10.0,0,17.88,0,0.0,0,302.0,0,41.85,0,44.75,0,10.0,0,118.0,0,46.58,0,23.84,0,1.0,0,142.0,0,43.56,0,24.85,0,1.0,0,30.91,0,134.0,0,72.0,0,50.0,0,37.62,0,132.0,0,77.0,0,86.0,0,42.27,0,128.0,0,77.0,0,77.0,0,35.45,0,131.0,0,79.0,0,76.0,0,24.0,0,32.0,0,26.0,0,9.875,0,28.0,0,48.0,0,27.0,0,11.7129,0,37.0,0,51.0,0,29.0,0,15.5297,0,32.0,0,49.0,0,24.0,0,15.1254,0
2020-03-24,152.0,0,9.44,0,15.97,0,0.0,0,375.0,0,40.89,0,43.97,0,16.0,0,135.0,0,41.2,0,20.83,0,2.0,0,161.0,0,39.56,0,22.16,0,1.0,0,30.58,0,136.0,0,72.0,0,46.0,0,37.66,0,134.0,0,77.0,0,78.0,0,41.5,0,130.0,0,79.0,0,67.0,0,35.02,0,133.0,0,81.0,0,70.0,0,24.0,0,30.0,0,25.0,0,15.5174,0,27.0,0,47.0,0,26.0,0,19.245,0,35.0,0,49.0,0,28.0,0,25.31,0,31.0,0,48.0,0,24.0,0,25.5572,0
2020-03-25,178.0,0,11.07,0,15.82,0,1.0,0,459.0,0,41.5,0,43.65,0,17.0,0,135.0,0,50.01,0,22.42,0,2.0,0,165.0,0,45.67,0,22.86,0,5.0,0,31.87,0,134.0,0,75.0,0,60.0,0,37.93,0,134.0,0,77.0,0,78.0,0,43.9,0,129.0,0,80.0,0,96.0,0,36.19,0,133.0,0,83.0,0,87.0,0,24.0,0,30.0,0,26.0,0,17.3122,0,27.0,0,46.0,0,27.0,0,20.3769,0,36.0,0,51.0,0,30.0,0,26.158,0,32.0,0,48.0,0,24.0,0,25.1737,0
2020-03-26,223.0,0,11.0,0,16.03,0,2.0,0,542.0,0,44.01,0,45.3,0,19.0,0,178.0,0,49.88,0,22.73,0,4.0,0,195.0,0,48.07,0,23.9,0,5.0,0,31.44,0,136.0,0,74.0,0,61.0,0,39.49,0,134.0,0,79.0,0,102.0,0,44.44,0,129.0,0,81.0,0,98.0,0,37.31,0,133.0,0,82.0,0,98.0,0,23.0,0,30.0,0,26.0,0,9.9403,0,27.0,0,47.0,0,26.0,0,11.5034,0,36.0,0,51.0,0,29.0,0,14.085999999999999,0,32.0,0,49.0,0,22.0,0,14.7658,0
2020-03-27,279.0,0,11.78,0,14.77,0,3.0,0,574.0,0,47.21,0,39.37,0,20.0,0,220.0,0,53.75,0,23.35,0,4.0,0,239.0,0,49.82,0,20.27,0,6.0,0,35.53,0,136.0,0,73.0,0,52.0,0,42.96,0,135.0,0,78.0,0,86.0,0,48.52,0,130.0,0,80.0,0,89.0,0,39.87,0,134.0,0,82.0,0,80.0,0,26.0,0,28.0,0,27.0,0,9.8443,0,29.0,0,44.0,0,26.0,0,13.4081,0,38.0,0,48.0,0,30.0,0,15.9319,0,34.0,0,46.0,0,20.0,0,15.6557,0
2020-03-28,308.0,0,10.39,0,11.26,0,4.0,0,591.0,0,38.75,0,21.34,0,25.0,0,220.0,0,43.02,0,18.93,0,4.0,0,274.0,0,44.29,0,16.93,0,6.0,0,29.16,0,123.0,0,68.0,0,36.0,0,35.21,0,121.0,0,69.0,0,49.0,0,38.91,0,120.0,0,74.0,0,51.0,0,33.67,0,122.0,0,76.0,0,50.0,0,46.0,0,24.0,0,31.0,0,18.0196,0,52.0,0,37.0,0,30.0,0,22.5062,0,56.0,0,39.0,0,32.0,0,27.2527,0,54.0,0,39.0,0,20.0,0,31.6203,0
2020-03-29,340.0,0,9.16,0,12.06,0,4.0,0,646.0,0,36.54,0,32.26,0,25.0,0,270.0,0,41.78,0,18.06,0,6.0,0,277.0,0,35.69,0,18.3,0,6.0,0,25.09,0,121.0,0,63.0,0,45.0,0,29.98,0,117.0,0,67.0,0,78.0,0,33.12,0,117.0,0,73.0,0,86.0,0,27.7,0,119.0,0,74.0,0,65.0,0,47.0,0,25.0,0,34.0,0,13.232000000000001,0,52.0,0,38.0,0,29.0,0,17.5204,0,56.0,0,42.0,0,36.0,0,20.5632,0,54.0,0,40.0,0,17.0,0,23.3993,0
2020-03-30,374.0,0,10.61,0,16.1,0,6.0,0,848.0,0,47.29,0,38.44,0,28.0,0,283.0,0,48.91,0,21.43,0,7.0,0,309.0,0,49.38,0,21.03,0,6.0,0,31.06,0,133.0,0,71.0,0,62.0,0,38.58,0,132.0,0,75.0,0,104.0,0,43.02,0,127.0,0,77.0,0,99.0,0,36.26,0,131.0,0,81.0,0,98.0,0,24.0,0,33.0,0,27.0,0,10.0305,0,27.0,0,49.0,0,26.0,0,12.5465,0,36.0,0,52.0,0,29.0,0,16.2163,0,32.0,0,51.0,0,20.0,0,17.5479,0
2020-03-31,397.0,0,11.31,0,16.15,0,6.0,0,890.0,0,49.43,0,39.64,0,30.0,0,313.0,0,52.17,0,24.58,0,7.0,0,309.0,0,50.35,0,21.22,0,10.0,0,31.87,0,135.0,0,72.0,0,62.0,0,39.41,0,133.0,0,77.0,0,108.0,0,44.58,0,128.0,0,82.0,0,106.0,0,37.9,0,132.0,0,85.0,0,100.0,0,23.0,0,31.0,0,27.0,0,11.3924,0,26.0,0,49.0,0,27.0,0,12.6974,0,34.0,0,52.0,0,30.0,0,16.7179,0,31.0,0,51.0,0,21.0,0,17.0234,0
2020-04-01,434.0,0,11.58,0,16.19,0,7.0,0,956.0,0,47.57,0,41.01,0,32.0,0,313.0,0,52.89,0,21.65,0,7.0,0,388.0,0,49.99,0,20.78,0,10.0,0,33.06,0,134.0,0,72.0,0,60.0,0,39.3,0,133.0,0,78.0,0,92.0,0,44.14,0,128.0,0,82.0,0,100.0,0,37.6,0,132.0,0,82.0,0,85.0,0,23.0,0,31.0,0,27.0,0,9.892999999999999,0,27.0,0,47.0,0,26.0,0,11.5638,0,35.0,0,52.0,0,30.0,0,15.8979,0,31.0,0,49.0,0,20.0,0,16.1809,0
2020-04-02,450.0,0,10.74,0,15.02,0,7.0,0,1019.0,0,47.85,0,39.38,0,36.0,0,359.0,0,51.63,0,20.91,0,8.0,0,453.0,0,47.93,0,19.05,0,10.0,0,31.83,0,136.0,0,72.0,0,59.0,0,39.34,0,134.0,0,79.0,0,97.0,0,44.01,0,129.0,0,82.0,0,99.0,0,37.25,0,133.0,0,84.0,0,87.0,0,23.0,0,30.0,0,26.0,0,9.6411,0,26.0,0,46.0,0,24.0,0,11.0436,0,34.0,0,51.0,0,28.0,0,14.8148,0,31.0,0,48.0,0,18.0,0,16.5434,0
2020-04-03,497.0,0,12.14,0,15.34,0,7.0,0,1019.0,0,51.6,0,41.6,0,36.0,0,443.0,0,58.03,0,23.09,0,12.0,0,486.0,0,54.08,0,21.85,0,13.0,0,36.82,0,135.0,0,71.0,0,54.0,0,44.76,0,135.0,0,78.0,0,87.0,0,50.02,0,130.0,0,83.0,0,90.0,0,41.59,0,134.0,0,84.0,0,78.0,0,25.0,0,29.0,0,28.0,0,19.6514,0,28.0,0,45.0,0,24.0,0,24.5884,0,36.0,0,49.0,0,30.0,0,31.473000000000003,0,32.0,0,46.0,0,17.0,0,30.998,0
2020-04-04,529.0,0,8.13,0,11.24,0,8.0,0,1148.0,0,40.39,0,18.49,0,39.0,0,443.0,0,44.33,0,19.23,0,12.0,0,538.0,0,40.74,0,14.68,0,13.0,0,29.43,0,124.0,0,61.0,0,23.0,0,36.29,0,121.0,0,69.0,0,54.0,0,39.25,0,121.0,0,72.0,0,40.0,0,32.77,0,123.0,0,73.0,0,33.0,0,44.0,0,21.0,0,28.0,0,14.5845,0,50.0,0,37.0,0,29.0,0,20.4513,0,53.0,0,38.0,0,31.0,0,23.6244,0,51.0,0,36.0,0,15.0,0,23.4501,0
2020-04-05,568.0,0,7.87,0,11.65,0,8.0,0,1207.0,0,27.38,0,30.63,0,39.0,0,566.0,0,32.88,0,16.28,0,12.0,0,555.0,0,30.42,0,16.57,0,13.0,0,24.83,0,122.0,0,59.0,0,35.0,0,27.72,0,119.0,0,55.0,0,30.0,0,29.93,0,118.0,0,64.0,0,39.0,0,25.44,0,120.0,0,68.0,0,37.0,0,46.0,0,23.0,0,30.0,0,9.9296,0,48.0,0,32.0,0,22.0,0,11.7141,0,51.0,0,35.0,0,28.0,0,15.0875,0,50.0,0,35.0,0,14.0,0,17.6999,0
2020-04-06,583.0,0,7.88,0,13.32,0,9.0,0,1207.0,0,36.62,0,35.87,0,39.0,0,588.0,0,41.02,0,17.67,0,13.0,0,579.0,0,37.97,0,20.05,0,13.0,0,29.16,0,136.0,0,60.0,0,34.0,0,34.46,0,135.0,0,70.0,0,54.0,0,39.67,0,130.0,0,71.0,0,54.0,0,31.99,0,134.0,0,71.0,0,45.0,0,22.0,0,27.0,0,22.0,0,7.7999,0,25.0,0,43.0,0,21.0,0,9.0548,0,33.0,0,47.0,0,25.0,0,11.5865,0,29.0,0,42.0,0,16.0,0,11.3989,0
2020-04-07,622.0,0,11.68,0,14.98,0,9.0,0,1285.0,0,48.05,0,38.82,0,43.0,0,634.0,0,51.44,0,19.98,0,15.0,0,589.0,0,49.68,0,20.85,0,21.0,0,33.69,0,135.0,0,72.0,0,69.0,0,39.02,0,133.0,0,76.0,0,101.0,0,43.44,0,129.0,0,80.0,0,104.0,0,36.11,0,133.0,0,82.0,0,98.0,0,22.0,0,30.0,0,26.0,0,9.4607,0,26.0,0,46.0,0,26.0,0,10.3801,0,34.0,0,50.0,0,30.0,0,13.2535,0,30.0,0,48.0,0,19.0,0,14.5091,0
2020-04-08,676.0,0,10.56,0,15.53,0,10.0,0,1380.0,0,47.23,0,31.91,0,46.0,0,674.0,0,51.09,0,19.44,0,16.0,0,617.0,0,50.94,0,20.12,0,21.0,0,33.63,0,135.0,0,66.0,0,48.0,0,39.07,0,134.0,0,74.0,0,86.0,0,43.39,0,129.0,0,76.0,0,87.0,0,36.44,0,133.0,0,78.0,0,79.0,0,22.0,0,28.0,0,25.0,0,8.4307,0,26.0,0,44.0,0,26.0,0,9.6175,0,34.0,0,47.0,0,29.0,0,12.3352,0,30.0,0,45.0,0,18.0,0,11.9716,0
2020-04-09,724.0,0,10.94,0,15.19,0,10.0,0,1380.0,0,45.67,0,38.72,0,46.0,0,674.0,0,50.11,0,19.1,0,16.0,0,633.0,0,50.04,0,23.51,0,21.0,0,33.74,0,136.0,0,68.0,0,56.0,0,39.78,0,134.0,0,76.0,0,86.0,0,43.47,0,130.0,0,77.0,0,89.0,0,37.69,0,134.0,0,78.0,0,82.0,0,22.0,0,28.0,0,24.0,0,8.1938,0,26.0,0,43.0,0,25.0,0,10.6211,0,33.0,0,47.0,0,28.0,0,12.6773,0,29.0,0,45.0,0,17.0,0,13.4281,0
2020-04-10,797.0,0,12.72,0,13.89,0,13.0,0,1442.0,0,53.13,0,31.77,0,47.0,0,766.0,0,59.22,0,21.88,0,20.0,0,638.0,0,55.09,0,20.51,0,21.0,0,39.5,0,136.0,0,68.0,0,57.0,0,45.65,0,135.0,0,76.0,0,90.0,0,50.84,0,131.0,0,79.0,0,94.0,0,42.74,0,135.0,0,81.0,0,84.0,0,24.0,0,27.0,0,26.0,0,9.6215,0,27.0,0,43.0,0,26.0,0,13.2725,0,35.0,0,47.0,0,30.0,0,16.5295,0,30.0,0,44.0,0,17.0,0,16.7884,0
2020-04-11,857.0,0,12.1,0,10.77,0,13.0,0,1484.0,0,52.99,0,21.52,0,50.0,0,806.0,0,55.13,0,18.55,0,21.0,0,652.0,0,55.0,0,15.64,0,21.0,0,34.05,0,122.0,0,67.0,0,41.0,0,41.13,0,120.0,0,74.0,0,83.0,0,44.25,0,119.0,0,77.0,0,70.0,0,38.23,0,121.0,0,80.0,0,62.0,0,46.0,0,23.0,0,30.0,0,14.6831,0,52.0,0,39.0,0,37.0,0,24.311,0,55.0,0,41.0,0,35.0,0,27.205,0,53.0,0,40.0,0,17.0,0,30.7,0
2020-04-12,872.0,0,9.82,0,11.26,0,14.0,0,1566.0,0,37.78,0,26.27,0,51.0,0,845.0,0,40.72,0,16.43,0,23.0,0,652.0,0,39.07,0,18.53,0,21.0,0,27.34,0,120.0,0,52.0,0,52.0,0,30.09,0,117.0,0,57.0,0,77.0,0,32.07,0,116.0,0,62.0,0,78.0,0,27.75,0,119.0,0,65.0,0,61.0,0,47.0,0,21.0,0,33.0,0,7.3841,0,50.0,0,29.0,0,34.0,0,10.2623,0,54.0,0,33.0,0,35.0,0,11.1352,0,50.0,0,30.0,0,15.0,0,12.7045,0
2020-04-13,957.0,0,11.08,0,14.13,0,15.0,0,1666.0,0,49.71,0,31.87,0,60.0,0,888.0,0,50.45,0,21.05,0,23.0,0,701.0,0,51.84,0,24.37,0,21.0,0,32.25,0,134.0,0,64.0,0,61.0,0,38.82,0,133.0,0,70.0,0,97.0,0,43.61,0,128.0,0,72.0,0,98.0,0,36.71,0,132.0,0,74.0,0,92.0,0,23.0,0,30.0,0,25.0,0,8.2281,0,27.0,0,45.0,0,28.0,0,9.9522,0,35.0,0,49.0,0,30.0,0,12.5914,0,31.0,0,47.0,0,19.0,0,14.6006,0
2020-04-14,987.0,0,12.72,0,13.6,0,15.0,0,1666.0,0,51.68,0,30.81,0,60.0,0,888.0,0,54.95,0,20.88,0,23.0,0,721.0,0,54.27,0,20.84,0,21.0,0,34.81,0,134.0,0,66.0,0,78.0,0,40.57,0,133.0,0,72.0,0,105.0,0,45.26,0,129.0,0,77.0,0,112.0,0,38.56,0,132.0,0,77.0,0,110.0,0,23.0,0,29.0,0,26.0,0,5.7334,0,28.0,0,45.0,0,29.0,0,7.0007,0,35.0,0,50.0,0,32.0,0,8.6286,0,31.0,0,47.0,0,20.0,0,9.8594,0
2020-04-15,1013.0,0,12.14,0,14.77,0,17.0,0,1793.0,0,52.44,0,49.97,0,65.0,0,964.0,0,54.84,0,19.91,0,36.0,0,747.0,0,53.46,0,24.01,0,21.0,0,35.84,0,135.0,0,65.0,0,59.0,0,43.31,0,133.0,0,75.0,0,97.0,0,48.03,0,128.0,0,78.0,0,103.0,0,39.64,0,132.0,0,79.0,0,59.0,0,23.0,0,27.0,0,26.0,0,6.0825,0,28.0,0,40.0,0,30.0,0,7.6462,0,36.0,0,46.0,0,32.0,0,10.1981,0,32.0,0,42.0,0,20.0,0,11.0046,0
2020-04-16,1019.0,0,10.47,0,13.05,0,17.0,0,1833.0,0,50.53,0,43.76,0,69.0,0,1007.0,0,53.36,0,19.27,0,39.0,0,767.0,0,51.16,0,22.47,0,28.0,0,33.43,0,137.0,0,63.0,0,49.0,0,42.54,0,134.0,0,76.0,0,94.0,0,47.18,0,130.0,0,78.0,0,92.0,0,38.65,0,134.0,0,80.0,0,20.0,0,23.0,0,23.0,0,25.0,0,6.7242,0,28.0,0,32.0,0,27.0,0,7.4351,0,35.0,0,36.0,0,29.0,0,9.3031,0,31.0,0,34.0,0,18.0,0,10.484000000000002,0
2020-04-17,1058.0,0,11.58,0,14.93,0,20.0,0,1870.0,0,55.16,0,56.81,0,73.0,0,1063.0,0,56.56,0,18.61,0,40.0,0,797.0,0,53.49,0,25.92,0,28.0,0,39.05,0,136.0,0,64.0,0,45.0,0,48.35,0,134.0,0,75.0,0,87.0,0,52.87,0,130.0,0,79.0,0,85.0,0,43.73,0,134.0,0,80.0,0,21.0,0,26.0,0,23.0,0,26.0,0,6.3494,0,30.0,0,31.0,0,27.0,0,9.0839,0,38.0,0,35.0,0,30.0,0,11.0714,0,33.0,0,33.0,0,18.0,0,11.6943,0
2020-04-18,1137.0,0,14.62,0,10.06,0,20.0,0,1870.0,0,56.16,0,22.46,0,73.0,0,1114.0,0,61.61,0,17.01,0,41.0,0,838.0,0,55.81,0,17.42,0,28.0,0,38.64,0,121.0,0,64.0,0,57.0,0,44.99,0,119.0,0,73.0,0,87.0,0,49.17,0,118.0,0,79.0,0,88.0,0,41.6,0,120.0,0,80.0,0,24.0,0,50.0,0,21.0,0,35.0,0,12.3118,0,56.0,0,28.0,0,39.0,0,16.9848,0,60.0,0,31.0,0,39.0,0,18.5805,0,58.0,0,31.0,0,19.0,0,23.2796,0
2020-04-19,1157.0,0,11.79,0,11.81,0,20.0,0,1870.0,0,48.62,0,33.51,0,73.0,0,1164.0,0,49.19,0,16.59,0,42.0,0,838.0,0,48.37,0,21.79,0,28.0,0,31.9,0,119.0,0,58.0,0,62.0,0,37.87,0,116.0,0,67.0,0,94.0,0,39.48,0,115.0,0,73.0,0,97.0,0,34.93,0,117.0,0,77.0,0,26.0,0,50.0,0,22.0,0,38.0,0,9.9335,0,56.0,0,28.0,0,34.0,0,14.5961,0,59.0,0,32.0,0,37.0,0,15.7882,0,58.0,0,31.0,0,17.0,0,19.4286,0
2020-04-20,1216.0,0,11.05,0,12.22,0,20.0,0,1922.0,0,50.78,0,38.75,0,83.0,0,1193.0,0,51.15,0,18.65,0,42.0,0,920.0,0,49.59,0,21.23,0,28.0,0,35.08,0,134.0,0,61.0,0,56.0,0,42.45,0,132.0,0,73.0,0,89.0,0,46.7,0,128.0,0,75.0,0,87.0,0,38.8,0,132.0,0,76.0,0,23.0,0,23.0,0,25.0,0,26.0,0,7.8948,0,28.0,0,33.0,0,27.0,0,10.2217,0,36.0,0,37.0,0,30.0,0,11.8919,0,32.0,0,35.0,0,19.0,0,12.7476,0
2020-04-21,1231.0,0,11.44,0,12.36,0,20.0,0,1922.0,0,52.57,0,40.55,0,83.0,0,1241.0,0,53.63,0,18.3,0,43.0,0,935.0,0,54.01,0,20.32,0,28.0,0,35.04,0,135.0,0,64.0,0,68.0,0,42.43,0,133.0,0,76.0,0,105.0,0,47.81,0,129.0,0,79.0,0,106.0,0,40.09,0,133.0,0,80.0,0,26.0,0,23.0,0,26.0,0,26.0,0,8.7994,0,28.0,0,34.0,0,28.0,0,10.9431,0,36.0,0,37.0,0,30.0,0,13.1011,0,32.0,0,36.0,0,20.0,0,14.1311,0
2020-04-22,1233.0,0,12.54,0,12.8,0,21.0,0,1962.0,0,54.19,0,40.92,0,94.0,0,1242.0,0,57.15,0,19.62,0,43.0,0,958.0,0,54.0,0,22.22,0,39.0,0,37.5,0,135.0,0,64.0,0,63.0,0,44.66,0,133.0,0,76.0,0,102.0,0,50.29,0,128.0,0,77.0,0,110.0,0,41.39,0,133.0,0,79.0,0,26.0,0,24.0,0,25.0,0,26.0,0,8.9818,0,29.0,0,33.0,0,28.0,0,11.2688,0,36.0,0,37.0,0,31.0,0,13.9189,0,32.0,0,36.0,0,20.0,0,14.4357,0
2020-04-23,1302.0,0,13.01,0,12.92,0,21.0,0,1987.0,0,56.48,0,40.38,0,95.0,0,1352.0,0,56.58,0,19.44,0,46.0,0,966.0,0,56.27,0,22.63,0,39.0,0,38.88,0,136.0,0,63.0,0,64.0,0,46.57,0,133.0,0,77.0,0,106.0,0,51.21,0,129.0,0,79.0,0,110.0,0,42.13,0,133.0,0,81.0,0,26.0,0,23.0,0,24.0,0,25.0,0,9.2047,0,28.0,0,33.0,0,27.0,0,11.5355,0,36.0,0,38.0,0,30.0,0,13.8344,0,32.0,0,36.0,0,19.0,0,15.4435,0
2020-04-24,1340.0,0,14.8,0,13.35,0,22.0,0,2018.0,0,61.83,0,42.3,0,98.0,0,1403.0,0,67.49,0,20.31,0,48.0,0,989.0,0,64.48,0,24.24,0,41.0,0,47.0,0,135.0,0,65.0,0,68.0,0,52.41,0,134.0,0,77.0,0,97.0,0,58.01,0,129.0,0,80.0,0,105.0,0,48.92,0,133.0,0,82.0,0,29.0,0,26.0,0,24.0,0,28.0,0,10.0863,0,30.0,0,33.0,0,28.0,0,14.3326,0,39.0,0,36.0,0,32.0,0,16.4632,0,34.0,0,36.0,0,19.0,0,16.1193,0
2020-04-25,1354.0,0,16.58,0,11.04,0,22.0,0,2040.0,0,59.99,0,21.62,0,99.0,0,1439.0,0,65.74,0,19.05,0,52.0,0,1019.0,0,59.92,0,18.41,0,41.0,0,45.16,0,120.0,0,64.0,0,67.0,0,49.09,0,118.0,0,75.0,0,93.0,0,52.86,0,118.0,0,79.0,0,97.0,0,45.85,0,120.0,0,82.0,0,26.0,0,51.0,0,23.0,0,36.0,0,16.5619,0,58.0,0,30.0,0,40.0,0,27.0691,0,61.0,0,33.0,0,40.0,0,29.103,0,58.0,0,33.0,0,20.0,0,31.6394,0
2020-04-26,1408.0,0,12.69,0,11.8,0,22.0,0,2084.0,0,51.41,0,29.71,0,100.0,0,1470.0,0,51.62,0,16.72,0,52.0,0,1019.0,0,50.35,0,21.02,0,41.0,0,36.1,0,119.0,0,59.0,0,62.0,0,40.81,0,115.0,0,70.0,0,100.0,0,43.14,0,115.0,0,77.0,0,107.0,0,38.23,0,117.0,0,79.0,0,26.0,0,50.0,0,23.0,0,38.0,0,10.8143,0,57.0,0,30.0,0,36.0,0,20.3749,0,60.0,0,34.0,0,39.0,0,21.6836,0,58.0,0,33.0,0,18.0,0,22.5153,0
2020-04-27,1424.0,0,11.69,0,13.02,0,23.0,0,2105.0,0,53.49,0,33.88,0,103.0,0,1500.0,0,58.5,0,19.42,0,52.0,0,1080.0,0,54.45,0,22.58,0,41.0,0,38.21,0,133.0,0,63.0,0,67.0,0,44.7,0,132.0,0,76.0,0,106.0,0,50.31,0,127.0,0,77.0,0,103.0,0,42.38,0,131.0,0,79.0,0,26.0,0,24.0,0,27.0,0,27.0,0,8.6364,0,30.0,0,36.0,0,29.0,0,12.6502,0,38.0,0,39.0,0,32.0,0,14.4969,0,33.0,0,37.0,0,20.0,0,15.8124,0
2020-04-28,1468.0,0,13.37,0,13.84,0,23.0,0,2122.0,0,55.78,0,40.72,0,106.0,0,1533.0,0,60.43,0,20.64,0,55.0,0,1099.0,0,60.94,0,23.73,0,48.0,0,39.82,0,125.0,0,65.0,0,76.0,0,47.16,0,124.0,0,77.0,0,107.0,0,52.19,0,120.0,0,81.0,0,111.0,0,44.08,0,123.0,0,82.0,0,28.0,0,24.0,0,27.0,0,28.0,0,9.935,0,29.0,0,35.0,0,29.0,0,11.9739,0,36.0,0,39.0,0,33.0,0,15.1409,0,32.0,0,38.0,0,20.0,0,16.5745,0
2020-04-29,1490.0,0,11.73,0,12.81,0,23.0,0,2134.0,0,57.05,0,42.23,0,107.0,0,1568.0,0,57.65,0,21.24,0,57.0,0,1136.0,0,54.2,0,24.53,0,48.0,0,39.78,0,134.0,0,62.0,0,50.0,0,47.28,0,132.0,0,77.0,0,96.0,0,52.46,0,128.0,0,77.0,0,96.0,0,43.28,0,132.0,0,78.0,0,28.0,0,24.0,0,25.0,0,26.0,0,9.0804,0,29.0,0,36.0,0,29.0,0,12.4115,0,37.0,0,40.0,0,33.0,0,14.5343,0,33.0,0,39.0,0,20.0,0,15.8245,0
2020-04-30,1499.0,0,12.77,0,13.05,0,25.0,0,2163.0,0,58.13,0,42.62,0,111.0,0,1603.0,0,60.17,0,20.54,0,60.0,0,1177.0,0,56.54,0,24.13,0,48.0,0,40.76,0,135.0,0,66.0,0,59.0,0,50.15,0,132.0,0,80.0,0,106.0,0,55.79,0,128.0,0,80.0,0,108.0,0,45.76,0,132.0,0,81.0,0,33.0,0,24.0,0,27.0,0,26.0,0,9.4306,0,29.0,0,38.0,0,29.0,0,13.1677,0,37.0,0,43.0,0,32.0,0,15.8031,0,32.0,0,41.0,0,20.0,0,15.5286,0
2020-05-01,1523.0,0,15.25,0,14.03,0,28.0,0,2179.0,0,66.91,0,43.27,0,113.0,0,1636.0,0,70.6,0,22.04,0,62.0,0,1197.0,0,63.37,0,26.41,0,51.0,0,47.72,0,134.0,0,68.0,0,66.0,0,57.29,0,132.0,0,82.0,0,100.0,0,64.58,0,128.0,0,84.0,0,103.0,0,52.51,0,132.0,0,85.0,0,38.0,0,27.0,0,28.0,0,30.0,0,10.8611,0,32.0,0,38.0,0,30.0,0,16.7024,0,40.0,0,43.0,0,35.0,0,19.29,0,35.0,0,42.0,0,20.0,0,20.4788,0
2020-05-02,1543.0,0,16.28,0,12.2,0,29.0,0,2205.0,0,67.61,0,23.27,0,114.0,0,1706.0,0,67.47,0,20.88,0,63.0,0,1233.0,0,63.34,0,18.57,0,51.0,0,43.72,0,120.0,0,68.0,0,59.0,0,53.72,0,117.0,0,79.0,0,99.0,0,58.23,0,117.0,0,82.0,0,93.0,0,48.61,0,119.0,0,84.0,0,31.0,0,53.0,0,25.0,0,36.0,0,17.5535,0,60.0,0,35.0,0,44.0,0,31.1769,0,63.0,0,38.0,0,42.0,0,33.2494,0,61.0,0,39.0,0,21.0,0,34.9803,0
2020-05-03,1602.0,0,15.35,0,13.85,0,29.0,0,2231.0,0,56.13,0,41.47,0,115.0,0,1749.0,0,58.63,0,19.05,0,63.0,0,1233.0,0,57.72,0,23.79,0,51.0,0,39.42,0,117.0,0,63.0,0,81.0,0,45.5,0,114.0,0,74.0,0,110.0,0,48.14,0,114.0,0,80.0,0,118.0,0,41.86,0,115.0,0,85.0,0,42.0,0,56.0,0,28.0,0,43.0,0,13.2343,0,61.0,0,36.0,0,41.0,0,22.8112,0,64.0,0,40.0,0,43.0,0,24.8268,0,63.0,0,40.0,0,19.0,0,28.1658,0
2020-05-04,1624.0,0,13.16,0,14.49,0,29.0,0,2244.0,0,60.63,0,44.63,0,117.0,0,1776.0,0,59.68,0,21.96,0,63.0,0,1281.0,0,58.61,0,25.77,0,51.0,0,39.97,0,132.0,0,67.0,0,71.0,0,51.41,0,130.0,0,81.0,0,108.0,0,55.27,0,126.0,0,81.0,0,106.0,0,46.92,0,129.0,0,83.0,0,42.0,0,26.0,0,32.0,0,29.0,0,9.3106,0,32.0,0,41.0,0,31.0,0,13.8873,0,40.0,0,46.0,0,33.0,0,17.2917,0,35.0,0,46.0,0,21.0,0,18.3221,0
2020-05-05,1728.0,0,13.01,0,14.59,0,31.0,0,2255.0,0,67.55,0,45.18,0,121.0,0,1809.0,0,65.34,0,21.13,0,66.0,0,1315.0,0,61.48,0,26.84,0,56.0,0,44.1,0,133.0,0,70.0,0,75.0,0,54.93,0,130.0,0,86.0,0,116.0,0,59.49,0,126.0,0,87.0,0,114.0,0,49.66,0,130.0,0,88.0,0,42.0,0,26.0,0,32.0,0,29.0,0,9.8207,0,32.0,0,42.0,0,34.0,0,14.6107,0,39.0,0,46.0,0,34.0,0,18.4926,0,35.0,0,46.0,0,22.0,0,17.0709,0
2020-05-06,1754.0,0,14.53,0,15.27,0,31.0,0,2268.0,0,65.11,0,42.88,0,126.0,0,1863.0,0,64.42,0,22.6,0,66.0,0,1341.0,0,64.5,0,25.96,0,56.0,0,44.03,0,133.0,0,68.0,0,75.0,0,54.64,0,130.0,0,82.0,0,108.0,0,59.57,0,126.0,0,83.0,0,116.0,0,49.89,0,130.0,0,85.0,0,46.0,0,26.0,0,29.0,0,29.0,0,9.4153,0,32.0,0,40.0,0,32.0,0,14.6811,0,39.0,0,45.0,0,34.0,0,16.794,0,36.0,0,44.0,0,22.0,0,17.2855,0
2020-05-07,1806.0,0,15.28,0,14.64,0,32.0,0,2281.0,0,66.79,0,45.26,0,127.0,0,1917.0,0,65.28,0,23.06,0,67.0,0,1377.0,0,64.95,0,27.78,0,56.0,0,45.93,0,133.0,0,70.0,0,76.0,0,56.19,0,131.0,0,84.0,0,113.0,0,62.57,0,127.0,0,86.0,0,119.0,0,52.41,0,130.0,0,87.0,0,47.0,0,26.0,0,29.0,0,29.0,0,11.8265,0,32.0,0,40.0,0,31.0,0,14.7436,0,39.0,0,45.0,0,34.0,0,18.4523,0,36.0,0,45.0,0,22.0,0,18.1964,0
2020-05-08,1853.0,0,17.14,0,15.51,0,33.0,0,2290.0,0,72.49,0,45.86,0,128.0,0,1961.0,0,76.38,0,23.6,0,70.0,0,1397.0,0,74.85,0,27.59,0,56.0,0,53.12,0,133.0,0,70.0,0,68.0,0,64.56,0,131.0,0,86.0,0,98.0,0,71.73,0,126.0,0,89.0,0,110.0,0,60.21,0,130.0,0,90.0,0,47.0,0,29.0,0,28.0,0,31.0,0,13.9063,0,34.0,0,40.0,0,33.0,0,17.9238,0,43.0,0,44.0,0,36.0,0,21.3122,0,38.0,0,45.0,0,22.0,0,22.7799,0
2020-05-09,1891.0,0,17.12,0,14.7,0,33.0,0,2307.0,0,75.48,0,45.14,0,128.0,0,2023.0,0,78.34,0,21.11,0,71.0,0,1425.0,0,74.97,0,25.64,0,56.0,0,48.47,0,118.0,0,72.0,0,59.0,0,61.93,0,115.0,0,89.0,0,101.0,0,67.42,0,114.0,0,94.0,0,106.0,0,57.77,0,116.0,0,96.0,0,45.0,0,57.0,0,26.0,0,38.0,0,21.9756,0,65.0,0,38.0,0,46.0,0,41.3063,0,67.0,0,42.0,0,46.0,0,47.0027,0,66.0,0,43.0,0,25.0,0,49.4192,0
2020-05-10,1943.0,0,13.63,0,12.57,0,34.0,0,2339.0,0,60.27,0,34.36,0,129.0,0,2064.0,0,59.71,0,18.26,0,71.0,0,1425.0,0,58.8,0,21.3,0,56.0,0,40.85,0,115.0,0,67.0,0,67.0,0,50.45,0,112.0,0,85.0,0,108.0,0,52.57,0,111.0,0,89.0,0,104.0,0,49.04,0,113.0,0,95.0,0,53.0,0,60.0,0,28.0,0,42.0,0,15.2987,0,67.0,0,39.0,0,43.0,0,29.3504,0,68.0,0,42.0,0,46.0,0,30.8757,0,68.0,0,45.0,0,21.0,0,33.6869,0
2020-05-11,1954.0,0,10.73,0,12.21,0,35.0,0,2341.0,0,55.4,0,34.98,0,129.0,0,2101.0,0,51.94,0,17.87,0,71.0,0,1464.0,0,53.12,0,22.11,0,56.0,0,0.0,0,133.0,0,63.0,0,52.0,0,0.0,0,130.0,0,77.0,0,101.0,0,0.0,0,126.0,0,76.0,0,80.0,0,0.0,0,129.0,0,77.0,0,34.0,0,27.0,0,29.0,0,26.0,0,9.3369,0,33.0,0,40.0,0,31.0,0,13.2251,0,41.0,0,44.0,0,32.0,0,16.6972,0,37.0,0,44.0,0,21.0,0,15.9628,0
2020-05-12,1977.0,0,11.31,0,12.04,0,35.0,0,2362.0,0,56.02,0,35.15,0,130.0,0,2133.0,0,53.46,0,17.21,0,74.0,0,1497.0,0,51.61,0,20.14,0,65.0,0,0.0,0,133.0,0,69.0,0,73.0,0,0.0,0,130.0,0,82.0,0,105.0,0,0.0,0,126.0,0,86.0,0,103.0,0,0.0,0,130.0,0,86.0,0,42.0,0,27.0,0,30.0,0,29.0,0,11.0443,0,33.0,0,41.0,0,32.0,0,13.7582,0,40.0,0,45.0,0,34.0,0,16.8875,0,37.0,0,46.0,0,23.0,0,18.197,0
2020-05-13,1994.0,0,15.34,0,15.07,0,35.0,0,2364.0,0,74.36,0,41.37,0,130.0,0,2178.0,0,75.44,0,22.3,0,76.0,0,1515.0,0,72.01,0,25.04,0,65.0,0,48.05,0,133.0,0,67.0,0,59.0,0,58.91,0,130.0,0,82.0,0,102.0,0,65.21,0,126.0,0,83.0,0,98.0,0,53.99,0,130.0,0,83.0,0,45.0,0,27.0,0,29.0,0,29.0,0,11.4844,0,34.0,0,41.0,0,33.0,0,13.8765,0,41.0,0,46.0,0,35.0,0,17.5031,0,38.0,0,46.0,0,23.0,0,17.823,0
2020-05-14,1999.0,0,15.13,0,14.88,0,35.0,0,2391.0,0,78.09,0,44.01,0,134.0,0,2234.0,0,76.2,0,21.89,0,79.0,0,1536.0,0,74.56,0,25.58,0,65.0,0,49.8,0,134.0,0,66.0,0,52.0,0,61.36,0,130.0,0,83.0,0,114.0,0,66.93,0,126.0,0,85.0,0,104.0,0,56.32,0,130.0,0,83.0,0,46.0,0,26.0,0,28.0,0,27.0,0,11.4825,0,33.0,0,41.0,0,32.0,0,14.6086,0,40.0,0,46.0,0,33.0,0,18.7647,0,36.0,0,45.0,0,22.0,0,16.8018,0
2020-05-15,2026.0,0,19.55,0,16.21,0,36.0,0,2391.0,0,95.02,0,45.82,0,134.0,0,2367.0,0,97.74,0,24.01,0,83.0,0,1575.0,0,88.78,0,25.79,0,66.0,0,58.3,0,131.0,0,70.0,0,71.0,0,72.51,0,130.0,0,84.0,0,107.0,0,79.38,0,125.0,0,86.0,0,114.0,0,65.97,0,129.0,0,86.0,0,53.0,0,30.0,0,30.0,0,29.0,0,12.9138,0,35.0,0,41.0,0,33.0,0,18.984,0,44.0,0,45.0,0,35.0,0,22.7431,0,39.0,0,46.0,0,23.0,0,23.2385,0
2020-05-16,2054.0,0,21.44,0,13.67,0,36.0,0,2418.0,0,97.58,0,27.89,0,135.0,0,2351.0,0,92.77,0,22.51,0,83.0,0,1602.0,0,90.1,0,23.78,0,66.0,0,57.15,0,117.0,0,71.0,0,75.0,0,68.37,0,115.0,0,81.0,0,114.0,0,74.83,0,114.0,0,85.0,0,118.0,0,63.79,0,116.0,0,86.0,0,68.0,0,58.0,0,28.0,0,35.0,0,21.4444,0,67.0,0,39.0,0,45.0,0,36.7632,0,69.0,0,42.0,0,44.0,0,42.4284,0,68.0,0,43.0,0,24.0,0,41.4329,0
2020-05-17,2091.0,0,15.85,0,14.31,0,36.0,0,2453.0,0,71.75,0,35.72,0,135.0,0,2392.0,0,69.07,0,19.88,0,83.0,0,1602.0,0,67.82,0,23.13,0,66.0,0,45.17,0,117.0,0,65.0,0,75.0,0,52.3,0,114.0,0,73.0,0,86.0,0,56.46,0,114.0,0,78.0,0,94.0,0,49.39,0,115.0,0,82.0,0,54.0,0,62.0,0,29.0,0,38.0,0,15.5868,0,67.0,0,38.0,0,37.0,0,25.5738,0,69.0,0,41.0,0,40.0,0,28.6303,0,69.0,0,43.0,0,20.0,0,28.791999999999998,0
2020-05-18,2131.0,0,16.04,0,15.43,0,36.0,0,2453.0,0,81.05,0,45.51,0,135.0,0,2457.0,0,77.31,0,23.09,0,83.0,0,1671.0,0,76.26,0,27.95,0,66.0,0,48.64,0,131.0,0,68.0,0,69.0,0,61.2,0,129.0,0,80.0,0,106.0,0,66.52,0,125.0,0,82.0,0,101.0,0,55.18,0,128.0,0,82.0,0,50.0,0,28.0,0,32.0,0,27.0,0,18.3043,0,34.0,0,43.0,0,31.0,0,26.468000000000004,0,42.0,0,48.0,0,32.0,0,30.9009,0,39.0,0,49.0,0,23.0,0,34.3025,0
2020-05-19,2179.0,0,17.59,0,13.95,0,36.0,0,2483.0,0,86.23,0,27.81,0,137.0,0,2522.0,0,82.94,0,25.18,0,86.0,0,1687.0,0,82.47,0,22.69,0,75.0,0,51.54,0,132.0,0,72.0,0,80.0,0,64.61,0,129.0,0,84.0,0,118.0,0,72.14,0,125.0,0,87.0,0,116.0,0,60.27,0,129.0,0,86.0,0,56.0,0,28.0,0,33.0,0,28.0,0,12.3576,0,34.0,0,44.0,0,32.0,0,17.2527,0,42.0,0,49.0,0,34.0,0,19.9597,0,39.0,0,50.0,0,24.0,0,22.4221,0
2020-05-20,2185.0,0,18.03,0,14.78,0,37.0,0,2492.0,0,88.97,0,45.64,0,138.0,0,2560.0,0,88.79,0,23.46,0,88.0,0,1697.0,0,83.96,0,24.98,0,75.0,0,55.36,0,131.0,0,70.0,0,78.0,0,67.17,0,129.0,0,85.0,0,119.0,0,75.12,0,125.0,0,86.0,0,119.0,0,63.15,0,128.0,0,85.0,0,60.0,0,29.0,0,33.0,0,28.0,0,13.4046,0,35.0,0,44.0,0,34.0,0,16.9033,0,43.0,0,50.0,0,35.0,0,21.6747,0,39.0,0,50.0,0,24.0,0,21.046,0
2020-05-21,2198.0,0,19.41,0,14.51,0,37.0,0,2492.0,0,90.87,0,30.95,0,138.0,0,2609.0,0,88.42,0,25.12,0,90.0,0,1738.0,0,88.22,0,23.03,0,75.0,0,56.88,0,132.0,0,72.0,0,79.0,0,70.87,0,129.0,0,88.0,0,128.0,0,77.8,0,125.0,0,89.0,0,126.0,0,66.54,0,128.0,0,89.0,0,61.0,0,29.0,0,33.0,0,28.0,0,13.1904,0,34.0,0,45.0,0,34.0,0,17.8018,0,42.0,0,51.0,0,35.0,0,21.5868,0,38.0,0,51.0,0,24.0,0,23.9587,0
2020-05-22,2320.0,0,22.67,0,17.48,0,40.0,0,2492.0,0,104.01,0,41.6,0,138.0,0,2708.0,0,106.96,0,25.95,0,90.0,0,1783.0,0,100.5,0,28.71,0,76.0,0,66.69,0,129.0,0,76.0,0,84.0,0,82.52,0,128.0,0,91.0,0,127.0,0,89.19,0,124.0,0,92.0,0,125.0,0,76.94,0,127.0,0,93.0,0,75.0,0,33.0,0,33.0,0,31.0,0,14.0772,0,37.0,0,46.0,0,36.0,0,24.4347,0,46.0,0,50.0,0,37.0,0,28.6277,0,41.0,0,52.0,0,25.0,0,26.9033,0
2020-05-23,2350.0,0,26.09,0,14.86,0,40.0,0,2571.0,0,101.5,0,27.93,0,139.0,0,2760.0,0,98.43,0,23.96,0,92.0,0,1833.0,0,102.96,0,23.79,0,76.0,0,66.44,0,115.0,0,73.0,0,89.0,0,74.84,0,113.0,0,84.0,0,116.0,0,81.09,0,113.0,0,89.0,0,124.0,0,72.69,0,114.0,0,89.0,0,79.0,0,66.0,0,30.0,0,41.0,0,24.2386,0,73.0,0,41.0,0,46.0,0,42.5284,0,73.0,0,45.0,0,46.0,0,47.8749,0,73.0,0,47.0,0,26.0,0,52.3536,0
2020-05-24,2367.0,0,23.77,0,16.08,0,40.0,0,2617.0,0,80.37,0,37.96,0,139.0,0,2847.0,0,82.08,0,23.41,0,93.0,0,1833.0,0,87.95,0,25.81,0,76.0,0,63.17,0,113.0,0,71.0,0,110.0,0,64.45,0,110.0,0,79.0,0,125.0,0,69.53,0,110.0,0,85.0,0,138.0,0,66.56,0,111.0,0,90.0,0,101.0,0,66.0,0,33.0,0,45.0,0,20.8235,0,72.0,0,42.0,0,43.0,0,34.6876,0,72.0,0,47.0,0,47.0,0,37.3366,0,73.0,0,50.0,0,22.0,0,43.9525,0
2020-05-25,2386.0,0,24.01,0,18.09,0,40.0,0,2652.0,0,78.59,0,42.98,0,139.0,0,2874.0,0,77.76,0,25.25,0,93.0,0,1833.0,0,83.21,0,31.44,0,76.0,0,62.76,0,127.0,0,71.0,0,136.0,0,61.81,0,130.0,0,88.0,0,150.0,0,67.16,0,127.0,0,85.0,0,155.0,0,67.62,0,129.0,0,91.0,0,147.0,0,19.0,0,35.0,0,26.0,0,10.8979,0,17.0,0,44.0,0,29.0,0,17.6709,0,21.0,0,48.0,0,28.0,0,20.0483,0,21.0,0,51.0,0,21.0,0,25.3475,0
2020-05-26,2399.0,0,20.46,0,18.98,0,40.0,0,2675.0,0,90.86,0,46.32,0,139.0,0,2986.0,0,89.25,0,29.08,0,93.0,0,1904.0,0,91.82,0,32.07,0,82.0,0,60.01,0,130.0,0,74.0,0,95.0,0,71.45,0,128.0,0,86.0,0,109.0,0,80.18,0,124.0,0,89.0,0,123.0,0,69.88,0,127.0,0,92.0,0,76.0,0,30.0,0,34.0,0,29.0,0,23.9881,0,36.0,0,47.0,0,33.0,0,33.4791,0,44.0,0,52.0,0,35.0,0,41.6117,0,40.0,0,54.0,0,26.0,0,43.5,0
2020-05-27,2408.0,0,21.45,0,19.06,0,40.0,0,2688.0,0,90.99,0,47.51,0,140.0,0,3049.0,0,91.83,0,28.8,0,93.0,0,1963.0,0,95.15,0,29.85,0,82.0,0,61.51,0,131.0,0,71.0,0,84.0,0,73.28,0,128.0,0,85.0,0,106.0,0,80.96,0,124.0,0,87.0,0,119.0,0,70.13,0,127.0,0,89.0,0,64.0,0,31.0,0,34.0,0,30.0,0,11.7628,0,37.0,0,45.0,0,34.0,0,16.7754,0,45.0,0,52.0,0,36.0,0,21.9166,0,41.0,0,52.0,0,25.0,0,24.1188,0
2020-05-28,2437.0,0,19.89,0,17.9,0,40.0,0,2701.0,0,95.51,0,47.12,0,140.0,0,3097.0,0,95.71,0,28.46,0,94.0,0,2022.0,0,92.42,0,28.22,0,82.0,0,62.32,0,132.0,0,70.0,0,71.0,0,73.8,0,128.0,0,87.0,0,120.0,0,81.83,0,124.0,0,89.0,0,125.0,0,70.42,0,128.0,0,89.0,0,60.0,0,31.0,0,33.0,0,29.0,0,14.0041,0,37.0,0,45.0,0,34.0,0,16.477,0,45.0,0,52.0,0,36.0,0,21.3471,0,41.0,0,52.0,0,25.0,0,24.2576,0
2020-05-29,2473.0,0,21.98,0,17.99,0,41.0,0,2707.0,0,107.42,0,45.08,0,140.0,0,3195.0,0,119.16,0,31.89,0,95.0,0,2061.0,0,104.42,0,29.44,0,84.0,0,67.79,0,131.0,0,72.0,0,69.0,0,87.91,0,129.0,0,85.0,0,107.0,0,95.21,0,124.0,0,88.0,0,121.0,0,78.12,0,128.0,0,89.0,0,61.0,0,35.0,0,32.0,0,30.0,0,25.5868,0,39.0,0,44.0,0,36.0,0,38.7831,0,48.0,0,50.0,0,40.0,0,45.4823,0,44.0,0,50.0,0,25.0,0,46.6655,0
2020-05-30,2532.0,0,23.81,0,14.58,0,41.0,0,2731.0,0,99.49,0,23.76,0,141.0,0,3289.0,0,99.79,0,27.62,0,95.0,0,2104.0,0,96.65,0,24.28,0,84.0,0,63.87,0,117.0,0,70.0,0,66.0,0,73.17,0,115.0,0,82.0,0,99.0,0,80.35,0,114.0,0,83.0,0,99.0,0,68.03,0,116.0,0,86.0,0,63.0,0,73.0,0,29.0,0,40.0,0,13.1051,0,81.0,0,40.0,0,47.0,0,22.8541,0,80.0,0,44.0,0,46.0,0,25.1081,0,80.0,0,46.0,0,25.0,0,30.0466,0
2020-05-31,2588.0,0,18.81,0,15.03,0,42.0,0,2776.0,0,83.08,0,32.77,0,141.0,0,3390.0,0,91.93,0,27.61,0,96.0,0,2104.0,0,77.59,0,24.45,0,84.0,0,51.86,0,116.0,0,64.0,0,75.0,0,60.73,0,112.0,0,76.0,0,116.0,0,75.73,0,112.0,0,79.0,0,124.0,0,59.01,0,113.0,0,85.0,0,82.0,0,73.0,0,29.0,0,42.0,0,17.5395,0,80.0,0,40.0,0,43.0,0,29.5067,0,79.0,0,45.0,0,50.0,0,34.3908,0,81.0,0,46.0,0,24.0,0,36.84,0
2020-06-01,2570.0,0,17.9,0,18.04,0,43.0,0,2776.0,0,88.08,0,44.91,0,141.0,0,3470.0,0,106.14,0,32.35,0,96.0,0,2165.0,0,90.08,0,31.7,0,84.0,0,53.64,0,130.0,0,68.0,0,71.0,0,68.98,0,127.0,0,85.0,0,115.0,0,81.33,0,124.0,0,79.0,0,107.0,0,68.29,0,126.0,0,86.0,0,66.0,0,31.0,0,34.0,0,29.0,0,13.1638,0,38.0,0,45.0,0,35.0,0,18.5978,0,44.0,0,47.0,0,37.0,0,22.2834,0,42.0,0,52.0,0,26.0,0,23.4547,0
2020-06-02,2587.0,0,18.87,0,18.66,0,43.0,0,2819.0,0,91.84,0,45.22,0,143.0,0,3515.0,0,86.93,0,27.02,0,97.0,0,2188.0,0,89.45,0,31.91,0,84.0,0,55.47,0,131.0,0,71.0,0,92.0,0,70.6,0,128.0,0,87.0,0,115.0,0,77.0,0,125.0,0,85.0,0,116.0,0,69.74,0,128.0,0,90.0,0,92.0,0,31.0,0,34.0,0,28.0,0,12.7702,0,38.0,0,45.0,0,36.0,0,18.6439,0,44.0,0,47.0,0,35.0,0,21.25,0,40.0,0,51.0,0,26.0,0,24.7906,0
2020-06-03,2613.0,0,33.01,0,24.67,0,43.0,0,2832.0,0,95.46,0,43.46,0,144.0,0,3548.0,0,93.35,0,30.41,0,97.0,0,2212.0,0,107.05,0,31.64,0,84.0,0,68.34,0,130.0,0,72.0,0,98.0,0,73.98,0,128.0,0,89.0,0,104.0,0,80.61,0,124.0,0,87.0,0,113.0,0,74.31,0,127.0,0,90.0,0,76.0,0,31.0,0,35.0,0,31.0,0,14.8506,0,38.0,0,46.0,0,35.0,0,20.4068,0,45.0,0,49.0,0,37.0,0,24.8918,0,41.0,0,51.0,0,26.0,0,26.3062,0
2020-06-04,2644.0,0,20.76,0,18.76,0,43.0,0,2850.0,0,103.17,0,47.34,0,144.0,0,3641.0,0,97.35,0,28.43,0,97.0,0,2244.0,0,97.85,0,29.71,0,84.0,0,61.48,0,131.0,0,74.0,0,81.0,0,78.19,0,127.0,0,93.0,0,120.0,0,85.44,0,124.0,0,89.0,0,123.0,0,74.1,0,127.0,0,94.0,0,86.0,0,31.0,0,34.0,0,29.0,0,14.6271,0,38.0,0,48.0,0,36.0,0,21.1208,0,45.0,0,50.0,0,36.0,0,24.1596,0,42.0,0,54.0,0,26.0,0,28.5419,0
2020-06-05,2698.0,0,21.22,0,18.91,0,43.0,0,2892.0,0,124.76,0,47.41,0,144.0,0,3725.0,0,108.84,0,29.81,0,101.0,0,2299.0,0,106.75,0,31.7,0,88.0,0,68.33,0,130.0,0,74.0,0,62.0,0,88.68,0,127.0,0,91.0,0,118.0,0,95.69,0,123.0,0,89.0,0,111.0,0,80.9,0,127.0,0,91.0,0,74.0,0,35.0,0,32.0,0,31.0,0,25.4793,0,41.0,0,49.0,0,38.0,0,45.318000000000005,0,49.0,0,48.0,0,38.0,0,49.2235,0,44.0,0,53.0,0,26.0,0,47.5405,0
2020-06-06,2712.0,0,24.75,0,17.86,0,43.0,0,2920.0,0,117.52,0,28.82,0,143.0,0,3805.0,0,114.23,0,28.46,0,101.0,0,2330.0,0,99.42,0,25.31,0,88.0,0,68.95,0,115.0,0,74.0,0,80.0,0,82.34,0,112.0,0,87.0,0,120.0,0,87.19,0,112.0,0,89.0,0,124.0,0,78.47,0,114.0,0,91.0,0,99.0,0,74.0,0,31.0,0,39.0,0,23.0956,0,83.0,0,46.0,0,52.0,0,43.8819,0,81.0,0,45.0,0,48.0,0,44.4871,0,82.0,0,51.0,0,27.0,0,49.088,0
2020-06-07,2747.0,0,20.85,0,18.05,0,43.0,0,2942.0,0,96.24,0,43.95,0,144.0,0,3805.0,0,90.65,0,25.38,0,101.0,0,2330.0,0,87.69,0,28.5,0,88.0,0,57.89,0,114.0,0,71.0,0,84.0,0,68.69,0,110.0,0,81.0,0,127.0,0,71.43,0,110.0,0,83.0,0,132.0,0,66.84,0,112.0,0,89.0,0,107.0,0,73.0,0,33.0,0,43.0,0,18.31,0,82.0,0,48.0,0,46.0,0,36.0388,0,79.0,0,47.0,0,50.0,0,34.3022,0,80.0,0,53.0,0,25.0,0,40.4177,0
2020-06-08,2779.0,0,20.81,0,20.91,0,43.0,0,2973.0,0,101.87,0,51.61,0,145.0,0,3945.0,0,94.58,0,30.83,0,101.0,0,2394.0,0,97.88,0,33.12,0,88.0,0,61.36,0,128.0,0,75.0,0,81.0,0,78.45,0,126.0,0,88.0,0,128.0,0,84.17,0,122.0,0,86.0,0,126.0,0,72.49,0,125.0,0,88.0,0,88.0,0,32.0,0,37.0,0,30.0,0,15.4543,0,39.0,0,51.0,0,37.0,0,21.5447,0,47.0,0,53.0,0,39.0,0,24.4169,0,43.0,0,58.0,0,27.0,0,28.9427,0
2020-06-09,2793.0,0,22.71,0,22.09,0,44.0,0,3017.0,0,104.6,0,49.89,0,146.0,0,3985.0,0,101.84,0,31.84,0,102.0,0,2437.0,0,101.12,0,33.75,0,93.0,0,65.68,0,129.0,0,76.0,0,98.0,0,80.82,0,126.0,0,91.0,0,132.0,0,87.73,0,122.0,0,91.0,0,140.0,0,76.34,0,125.0,0,93.0,0,104.0,0,33.0,0,36.0,0,30.0,0,18.0703,0,39.0,0,52.0,0,37.0,0,20.0969,0,46.0,0,53.0,0,39.0,0,23.6451,0,43.0,0,59.0,0,27.0,0,28.2428,0
2020-06-10,2809.0,0,22.75,0,22.46,0,44.0,0,3032.0,0,107.02,0,50.78,0,146.0,0,4033.0,0,101.53,0,31.67,0,105.0,0,2475.0,0,100.54,0,34.42,0,93.0,0,66.15,0,129.0,0,72.0,0,85.0,0,83.15,0,126.0,0,88.0,0,124.0,0,89.76,0,122.0,0,87.0,0,137.0,0,78.46,0,125.0,0,90.0,0,94.0,0,33.0,0,35.0,0,30.0,0,16.2816,0,39.0,0,52.0,0,37.0,0,21.2078,0,47.0,0,53.0,0,39.0,0,24.8408,0,43.0,0,59.0,0,28.0,0,29.1777,0
2020-06-11,2840.0,0,22.89,0,22.3,0,44.0,0,3063.0,0,108.57,0,51.5,0,148.0,0,4232.0,0,103.27,0,32.4,0,109.0,0,2494.0,0,102.68,0,35.61,0,93.0,0,70.0,0,130.0,0,70.0,0,80.0,0,84.1,0,126.0,0,90.0,0,129.0,0,90.45,0,123.0,0,86.0,0,137.0,0,79.65,0,126.0,0,90.0,0,93.0,0,33.0,0,35.0,0,30.0,0,16.2935,0,39.0,0,52.0,0,37.0,0,23.0693,0,46.0,0,53.0,0,38.0,0,25.3175,0,43.0,0,59.0,0,28.0,0,33.0501,0
2020-06-12,2878.0,0,25.25,0,22.39,0,44.0,0,3117.0,0,122.1,0,51.55,0,150.0,0,4216.0,0,118.75,0,33.48,0,109.0,0,2533.0,0,111.85,0,36.91,0,99.0,0,76.58,0,128.0,0,71.0,0,74.0,0,95.33,0,125.0,0,89.0,0,122.0,0,104.26,0,122.0,0,85.0,0,120.0,0,86.56,0,125.0,0,91.0,0,86.0,0,37.0,0,34.0,0,31.0,0,31.0937,0,41.0,0,51.0,0,39.0,0,50.4809,0,50.0,0,51.0,0,40.0,0,51.869,0,45.0,0,57.0,0,29.0,0,60.8342,0
2020-06-13,2906.0,0,29.74,0,20.36,0,44.0,0,3157.0,0,121.1,0,36.0,0,150.0,0,4217.0,0,113.98,0,31.87,0,109.0,0,2533.0,0,112.84,0,30.05,0,99.0,0,76.33,0,113.0,0,71.0,0,94.0,0,90.14,0,110.0,0,86.0,0,127.0,0,93.72,0,110.0,0,86.0,0,133.0,0,85.59,0,112.0,0,92.0,0,119.0,0,77.0,0,35.0,0,43.0,0,32.8141,0,87.0,0,50.0,0,54.0,0,57.7887,0,84.0,0,48.0,0,51.0,0,55.3212,0,85.0,0,57.0,0,30.0,0,68.2691,0
2020-06-14,2928.0,0,22.97,0,18.36,0,45.0,0,3197.0,0,98.06,0,32.38,0,151.0,0,4320.0,0,93.66,0,30.68,0,112.0,0,2553.0,0,94.87,0,30.31,0,99.0,0,65.81,0,112.0,0,67.0,0,94.0,0,75.03,0,109.0,0,81.0,0,133.0,0,78.65,0,109.0,0,80.0,0,143.0,0,75.98,0,110.0,0,88.0,0,122.0,0,76.0,0,35.0,0,44.0,0,25.7217,0,86.0,0,51.0,0,49.0,0,44.4537,0,82.0,0,48.0,0,52.0,0,40.9685,0,85.0,0,57.0,0,29.0,0,57.2789,0
2020-06-15,2952.0,0,22.94,0,23.46,0,46.0,0,3230.0,0,102.96,0,52.45,0,151.0,0,4373.0,0,97.72,0,34.36,0,112.0,0,2594.0,0,97.04,0,34.68,0,99.0,0,67.64,0,128.0,0,70.0,0,80.0,0,82.24,0,125.0,0,86.0,0,131.0,0,86.35,0,121.0,0,80.0,0,123.0,0,77.47,0,124.0,0,86.0,0,87.0,0,33.0,0,39.0,0,31.0,0,18.9278,0,39.0,0,54.0,0,39.0,0,25.443,0,48.0,0,54.0,0,40.0,0,24.3027,0,43.0,0,62.0,0,29.0,0,33.2193,0
2020-06-16,2971.0,0,25.19,0,24.05,0,46.0,0,3254.0,0,110.97,0,53.1,0,151.0,0,4481.0,0,104.22,0,35.32,0,112.0,0,2625.0,0,101.39,0,37.66,0,99.0,0,69.77,0,128.0,0,73.0,0,97.0,0,86.1,0,125.0,0,89.0,0,144.0,0,89.69,0,121.0,0,86.0,0,144.0,0,79.31,0,125.0,0,91.0,0,96.0,0,33.0,0,39.0,0,32.0,0,18.9204,0,40.0,0,54.0,0,40.0,0,23.9911,0,47.0,0,54.0,0,40.0,0,23.6905,0,43.0,0,63.0,0,30.0,0,33.0338,0
2020-06-17,2982.0,0,25.73,0,24.54,0,47.0,0,3288.0,0,109.14,0,48.51,0,151.0,0,4533.0,0,106.97,0,34.95,0,116.0,0,2653.0,0,108.38,0,34.82,0,99.0,0,73.51,0,127.0,0,73.0,0,94.0,0,87.06,0,125.0,0,88.0,0,130.0,0,93.42,0,121.0,0,85.0,0,140.0,0,81.68,0,124.0,0,91.0,0,106.0,0,34.0,0,39.0,0,32.0,0,18.3157,0,40.0,0,54.0,0,41.0,0,25.9431,0,47.0,0,54.0,0,39.0,0,25.2994,0,44.0,0,62.0,0,32.0,0,33.0305,0
2020-06-18,3020.0,0,27.32,0,24.32,0,47.0,0,3363.0,0,111.42,0,45.28,0,152.0,0,4638.0,0,110.37,0,33.74,0,117.0,0,2678.0,0,109.14,0,34.46,0,99.0,0,78.54,0,128.0,0,76.0,0,95.0,0,89.46,0,125.0,0,92.0,0,127.0,0,98.9,0,121.0,0,88.0,0,139.0,0,91.82,0,124.0,0,93.0,0,115.0,0,33.0,0,39.0,0,31.0,0,20.9454,0,39.0,0,55.0,0,39.0,0,27.7502,0,46.0,0,56.0,0,39.0,0,26.0962,0,43.0,0,64.0,0,31.0,0,33.5823,0
2020-06-19,3057.0,0,29.73,0,25.88,0,47.0,0,3398.0,0,130.92,0,47.42,0,152.0,0,4702.0,0,169.09,0,41.32,0,119.0,0,2721.0,0,122.41,0,38.9,0,103.0,0,86.05,0,125.0,0,75.0,0,80.0,0,103.69,0,123.0,0,94.0,0,123.0,0,121.0,0,119.0,0,90.0,0,156.0,0,100.34,0,122.0,0,96.0,0,107.0,0,37.0,0,38.0,0,33.0,0,21.9984,0,42.0,0,55.0,0,40.0,0,34.1245,0,50.0,0,55.0,0,43.0,0,32.96625,0,45.0,0,63.0,0,31.0,0,40.7872,0
2020-06-20,3058.0,0,28.49,0,21.44,0,47.0,0,3458.0,0,120.77,0,35.02,0,152.0,0,4924.0,0,122.41,0,31.79,0,119.0,0,2721.0,0,120.88,0,29.89,0,103.0,0,78.31,0,112.0,0,73.0,0,84.0,0,94.94,0,109.0,0,91.0,0,118.0,0,101.25,0,109.0,0,90.0,0,132.0,0,94.03,0,110.0,0,96.0,0,119.0,0,79.0,0,36.0,0,42.0,0,39.0674,0,88.0,0,52.0,0,55.0,0,73.07300000000001,0,86.0,0,50.0,0,51.0,0,63.4912,0,86.0,0,61.0,0,33.0,0,86.0191,0
2020-06-21,3058.0,0,20.62,0,18.62,0,47.0,0,3547.0,0,95.8,0,42.17,0,152.0,0,4924.0,0,87.7,0,28.97,0,119.0,0,2721.0,0,89.92,0,31.37,0,103.0,0,61.47,0,110.0,0,69.0,0,86.0,0,73.03,0,107.0,0,85.0,0,119.0,0,77.06,0,107.0,0,85.0,0,135.0,0,76.81,0,108.0,0,93.0,0,125.0,0,80.0,0,37.0,0,44.0,0,27.9497,0,89.0,0,52.0,0,49.0,0,49.5977,0,86.0,0,50.0,0,53.0,0,44.0294,0,87.0,0,62.0,0,29.0,0,55.3802,0
2020-06-22,3185.0,0,23.71,0,25.37,0,48.0,0,3606.0,0,109.81,0,55.83,0,154.0,0,5007.0,0,105.9,0,37.45,0,120.0,0,2825.0,0,109.16,0,38.89,0,103.0,0,68.59,0,127.0,0,71.0,0,78.0,0,85.51,0,124.0,0,84.0,0,125.0,0,92.92,0,120.0,0,81.0,0,126.0,0,82.65,0,123.0,0,85.0,0,100.0,0,32.0,0,39.0,0,31.0,0,17.1621,0,38.0,0,55.0,0,38.0,0,24.2152,0,46.0,0,56.0,0,40.0,0,24.796999999999997,0,42.0,0,63.0,0,30.0,0,31.8039,0
2020-06-23,3219.0,0,25.8,0,24.27,0,48.0,0,3727.0,0,117.6,0,50.16,0,154.0,0,5267.0,0,107.11,0,36.04,0,121.0,0,2901.0,0,115.85,0,40.72,0,104.0,0,71.98,0,128.0,0,73.0,0,87.0,0,88.86,0,125.0,0,89.0,0,134.0,0,96.9,0,121.0,0,87.0,0,139.0,0,85.25,0,124.0,0,91.0,0,106.0,0,32.0,0,39.0,0,32.0,0,18.3938,0,39.0,0,56.0,0,40.0,0,25.3707,0,46.0,0,57.0,0,40.0,0,26.0782,0,42.0,0,65.0,0,31.0,0,34.6244,0
2020-06-24,3249.0,0,25.85,0,25.38,0,48.0,0,3832.0,0,118.39,0,52.26,0,154.0,0,5275.0,0,113.36,0,37.26,0,122.0,0,2961.0,0,112.23,0,36.56,0,104.0,0,75.19,0,127.0,0,73.0,0,84.0,0,90.46,0,124.0,0,89.0,0,125.0,0,99.25,0,121.0,0,86.0,0,135.0,0,88.03,0,123.0,0,90.0,0,100.0,0,34.0,0,39.0,0,32.0,0,20.2114,0,40.0,0,56.0,0,41.0,0,25.1783,0,48.0,0,56.0,0,40.0,0,27.0333,0,44.0,0,64.0,0,32.0,0,34.0326,0
2020-06-25,3297.0,0,26.87,0,22.93,0,48.0,0,3888.0,0,121.09,0,39.85,0,155.0,0,5382.0,0,115.0,0,35.31,0,128.0,0,2996.0,0,115.26,0,35.29,0,104.0,0,74.79,0,128.0,0,71.0,0,78.0,0,92.26,0,125.0,0,91.0,0,135.0,0,101.65,0,121.0,0,87.0,0,138.0,0,88.68,0,124.0,0,91.0,0,99.0,0,34.0,0,39.0,0,30.0,0,33.1777,0,39.0,0,56.0,0,40.0,0,47.7775,0,47.0,0,57.0,0,41.0,0,47.9492,0,43.0,0,64.0,0,31.0,0,57.0999,0
2020-06-26,3400.0,0,29.29,0,24.15,0,48.0,0,3984.0,0,134.57,0,40.27,0,155.0,0,5493.0,0,131.15,0,39.46,0,130.0,0,3049.0,0,129.89,0,37.85,0,106.0,0,84.81,0,127.0,0,72.0,0,76.0,0,104.07,0,124.0,0,89.0,0,118.0,0,114.18,0,120.0,0,87.0,0,126.0,0,99.33,0,123.0,0,92.0,0,99.0,0,37.0,0,37.0,0,33.0,0,22.0386,0,42.0,0,54.0,0,42.0,0,30.1516,0,50.0,0,54.0,0,42.0,0,33.0516,0,46.0,0,62.0,0,31.0,0,36.1642,0
2020-06-27,3468.0,0,29.92,0,21.78,0,49.0,0,3984.0,0,127.94,0,34.89,0,155.0,0,5493.0,0,121.37,0,34.35,0,130.0,0,3083.0,0,131.36,0,36.31,0,106.0,0,81.34,0,113.0,0,71.0,0,78.0,0,98.65,0,109.0,0,86.0,0,112.0,0,102.63,0,110.0,0,86.0,0,126.0,0,99.15,0,111.0,0,91.0,0,121.0,0,75.0,0,35.0,0,42.0,0,37.8709,0,86.0,0,51.0,0,56.0,0,61.6152,0,83.0,0,52.0,0,52.0,0,59.1422,0,84.0,0,61.0,0,34.0,0,73.55,0
2020-06-28,3512.0,0,25.73,0,20.41,0,50.0,0,4162.0,0,108.52,0,31.44,0,155.0,0,5670.0,0,104.29,0,31.98,0,133.0,0,3083.0,0,101.72,0,29.54,0,106.0,0,70.0,0,111.0,0,69.0,0,92.0,0,80.64,0,108.0,0,81.0,0,123.0,0,83.89,0,108.0,0,81.0,0,133.0,0,79.74,0,109.0,0,87.0,0,117.0,0,82.0,0,38.0,0,45.0,0,29.3543,0,89.0,0,53.0,0,51.0,0,55.772,0,85.0,0,53.0,0,51.0,0,50.4577,0,87.0,0,61.0,0,30.0,0,59.1236,0
2020-06-29,3561.0,0,25.82,0,25.31,0,50.0,0,4265.0,0,113.16,0,50.01,0,156.0,0,5762.0,0,110.73,0,37.16,0,133.0,0,3083.0,0,114.71,0,41.22,0,106.0,0,72.66,0,126.0,0,73.0,0,85.0,0,88.63,0,124.0,0,86.0,0,128.0,0,96.44,0,120.0,0,84.0,0,127.0,0,88.43,0,122.0,0,87.0,0,110.0,0,34.0,0,43.0,0,31.0,0,19.0304,0,40.0,0,58.0,0,38.0,0,26.1053,0,48.0,0,62.0,0,41.0,0,28.2112,0,44.0,0,68.0,0,32.0,0,34.7175,0
2020-06-30,3603.0,0,26.14,0,24.91,0,50.0,0,4370.0,0,118.54,0,54.47,0,156.0,0,5964.0,0,112.94,0,37.81,0,135.0,0,3232.0,0,118.21,0,39.4,0,108.0,0,75.07,0,126.0,0,74.0,0,91.0,0,92.33,0,124.0,0,89.0,0,133.0,0,100.36,0,120.0,0,89.0,0,137.0,0,89.88,0,123.0,0,91.0,0,112.0,0,34.0,0,43.0,0,31.0,0,22.7893,0,40.0,0,59.0,0,39.0,0,26.83,0,47.0,0,63.0,0,41.0,0,27.4246,0,44.0,0,70.0,0,32.0,0,36.4559,0
2020-07-01,3648.0,0,26.89,0,25.99,0,50.0,0,4572.0,0,119.44,0,60.46,0,158.0,0,6156.0,0,117.32,0,37.15,0,136.0,0,3232.0,0,118.18,0,40.24,0,108.0,0,78.38,0,126.0,0,76.0,0,78.0,0,93.65,0,123.0,0,91.0,0,126.0,0,108.42,0,120.0,0,90.0,0,132.0,0,93.36,0,122.0,0,92.0,0,99.0,0,34.0,0,42.0,0,32.0,0,22.1005,0,40.0,0,59.0,0,42.0,0,28.3416,0,47.0,0,64.0,0,43.0,0,29.3145,0,44.0,0,69.0,0,34.0,0,39.6489,0
2020-07-02,3719.0,0,27.33,0,25.35,0,50.0,0,4750.0,0,123.6,0,57.53,0,159.0,0,6384.0,0,123.79,0,37.33,0,138.0,0,3376.0,0,121.81,0,42.21,0,108.0,0,81.15,0,124.0,0,79.0,0,84.0,0,100.62,0,122.0,0,100.0,0,140.0,0,114.44,0,119.0,0,99.0,0,138.0,0,97.27,0,121.0,0,99.0,0,117.0,0,33.0,0,44.0,0,32.0,0,21.4683,0,38.0,0,63.0,0,42.0,0,29.4571,0,45.0,0,68.0,0,43.0,0,30.2414,0,43.0,0,73.0,0,33.0,0,40.1293,0
2020-07-03,3776.0,0,28.26,0,24.14,0,50.0,0,4849.0,0,129.71,0,56.07,0,160.0,0,6472.0,0,126.63,0,36.02,0,140.0,0,3441.0,0,123.52,0,40.37,0,108.0,0,76.62,0,125.0,0,77.0,0,85.0,0,97.51,0,125.0,0,100.0,0,141.0,0,107.16,0,122.0,0,100.0,0,147.0,0,92.68,0,124.0,0,100.0,0,125.0,0,28.0,0,40.0,0,30.0,0,22.1048,0,28.0,0,59.0,0,38.0,0,39.7077,0,33.0,0,63.0,0,40.0,0,40.6948,0,33.0,0,69.0,0,29.0,0,49.4752,0
2020-07-04,3776.0,0,26.32,0,18.28,0,50.0,0,5077.0,0,97.24,0,32.65,0,160.0,0,6556.0,0,104.61,0,30.83,0,140.0,0,3536.0,0,93.08,0,29.25,0,108.0,0,63.45,0,113.0,0,65.0,0,83.0,0,71.05,0,111.0,0,79.0,0,108.0,0,77.66,0,111.0,0,81.0,0,120.0,0,67.25,0,112.0,0,81.0,0,94.0,0,68.0,0,31.0,0,37.0,0,22.6711,0,71.0,0,39.0,0,46.0,0,35.2649,0,68.0,0,41.0,0,46.0,0,34.3944,0,72.0,0,45.0,0,29.0,0,45.6056,0
2020-07-05,3776.0,0,22.57,0,19.84,0,50.0,0,5273.0,0,98.98,0,49.45,0,161.0,0,6855.0,0,95.11,0,30.57,0,140.0,0,3536.0,0,94.7,0,35.08,0,108.0,0,62.04,0,109.0,0,66.0,0,83.0,0,73.2,0,107.0,0,74.0,0,109.0,0,80.16,0,107.0,0,77.0,0,123.0,0,68.48,0,108.0,0,80.0,0,93.0,0,77.0,0,38.0,0,41.0,0,30.0515,0,83.0,0,50.0,0,46.0,0,46.6939,0,79.0,0,53.0,0,52.0,0,44.3335,0,83.0,0,59.0,0,29.0,0,53.9056,0
2020-07-06,3992.0,0,24.29,0,23.91,0,50.0,0,5408.0,0,110.0,0,55.77,0,164.0,0,6855.0,0,112.7,0,36.5,0,140.0,0,3599.0,0,111.42,0,39.63,0,108.0,0,69.84,0,125.0,0,74.0,0,80.0,0,86.58,0,124.0,0,87.0,0,127.0,0,95.05,0,120.0,0,86.0,0,123.0,0,83.45,0,123.0,0,88.0,0,95.0,0,32.0,0,44.0,0,31.0,0,19.1703,0,37.0,0,58.0,0,39.0,0,27.5228,0,45.0,0,63.0,0,41.0,0,28.2618,0,41.0,0,67.0,0,33.0,0,36.4574,0
2020-07-07,4020.0,0,26.13,0,25.64,0,50.0,0,5478.0,0,120.02,0,56.7,0,165.0,0,6925.0,0,116.04,0,39.51,0,140.0,0,3692.0,0,111.27,0,41.19,0,111.0,0,72.12,0,127.0,0,75.0,0,91.0,0,89.82,0,124.0,0,90.0,0,135.0,0,97.42,0,121.0,0,91.0,0,139.0,0,84.71,0,123.0,0,94.0,0,101.0,0,32.0,0,43.0,0,31.0,0,18.8,0,38.0,0,58.0,0,40.0,0,25.2071,0,45.0,0,62.0,0,42.0,0,27.3859,0,43.0,0,67.0,0,34.0,0,35.4227,0
2020-07-08,4071.0,0,27.0,0,25.34,0,50.0,0,5552.0,0,120.28,0,58.17,0,165.0,0,7245.0,0,120.39,0,39.81,0,142.0,0,3743.0,0,117.61,0,42.21,0,111.0,0,74.0,0,127.0,0,72.0,0,82.0,0,91.43,0,124.0,0,88.0,0,127.0,0,99.61,0,121.0,0,88.0,0,133.0,0,87.25,0,123.0,0,92.0,0,99.0,0,34.0,0,41.0,0,31.0,0,20.5719,0,40.0,0,57.0,0,40.0,0,25.3415,0,47.0,0,61.0,0,42.0,0,26.3642,0,44.0,0,66.0,0,33.0,0,32.1718,0
2020-07-09,4145.0,0,27.49,0,26.08,0,50.0,0,5678.0,0,122.15,0,55.99,0,166.0,0,7407.0,0,123.36,0,37.72,0,146.0,0,3787.0,0,114.2,0,40.39,0,111.0,0,76.08,0,127.0,0,74.0,0,83.0,0,93.48,0,124.0,0,90.0,0,133.0,0,103.04,0,121.0,0,90.0,0,138.0,0,89.3,0,123.0,0,93.0,0,99.0,0,33.0,0,41.0,0,31.0,0,19.1956,0,39.0,0,57.0,0,39.0,0,24.566999999999997,0,46.0,0,62.0,0,40.0,0,25.5279,0,44.0,0,68.0,0,32.0,0,34.4116,0
2020-07-10,4316.0,0,30.36,0,26.98,0,50.0,0,5863.0,0,136.89,0,59.14,0,166.0,0,7485.0,0,135.31,0,38.07,0,147.0,0,3846.0,0,130.64,0,44.46,0,112.0,0,85.71,0,126.0,0,74.0,0,74.0,0,104.35,0,124.0,0,89.0,0,117.0,0,116.62,0,120.0,0,89.0,0,126.0,0,98.04,0,123.0,0,93.0,0,99.0,0,37.0,0,40.0,0,32.0,0,21.3005,0,42.0,0,55.0,0,38.0,0,31.0562,0,50.0,0,59.0,0,41.0,0,31.9173,0,46.0,0,65.0,0,30.0,0,39.9086,0
2020-07-11,4426.0,0,34.46,0,23.6,0,50.0,0,5983.0,0,130.53,0,36.97,0,166.0,0,7725.0,0,130.55,0,34.79,0,148.0,0,3949.0,0,130.67,0,36.29,0,112.0,0,86.3,0,112.0,0,75.0,0,92.0,0,97.22,0,110.0,0,86.0,0,109.0,0,103.64,0,110.0,0,88.0,0,128.0,0,99.67,0,110.0,0,94.0,0,118.0,0,78.0,0,40.0,0,41.0,0,45.6798,0,87.0,0,53.0,0,51.0,0,64.9551,0,83.0,0,55.0,0,51.0,0,59.8067,0,86.0,0,64.0,0,35.0,0,81.3002,0
2020-07-12,4522.0,0,28.76,0,22.95,0,50.0,0,6298.0,0,106.82,0,49.7,0,166.0,0,7731.0,0,106.24,0,33.88,0,148.0,0,3949.0,0,111.16,0,35.1,0,112.0,0,74.87,0,111.0,0,72.0,0,99.0,0,79.84,0,108.0,0,81.0,0,113.0,0,86.42,0,108.0,0,85.0,0,135.0,0,85.91,0,109.0,0,92.0,0,133.0,0,78.0,0,43.0,0,43.0,0,34.8639,0,87.0,0,54.0,0,47.0,0,52.1682,0,81.0,0,57.0,0,53.0,0,49.1225,0,86.0,0,66.0,0,31.0,0,63.483000000000004,0
2020-07-13,4590.0,0,25.01,0,23.79,0,50.0,0,6542.0,0,117.57,0,54.96,0,167.0,0,7976.0,0,112.53,0,39.17,0,148.0,0,4045.0,0,109.58,0,41.24,0,112.0,0,70.81,0,127.0,0,70.0,0,69.0,0,89.38,0,124.0,0,86.0,0,122.0,0,95.61,0,120.0,0,85.0,0,122.0,0,84.37,0,123.0,0,88.0,0,88.0,0,33.0,0,42.0,0,30.0,0,18.3133,0,39.0,0,59.0,0,38.0,0,24.7855,0,46.0,0,62.0,0,40.0,0,23.8339,0,43.0,0,66.0,0,30.0,0,33.0872,0
2020-07-14,4640.0,0,26.41,0,23.78,0,50.0,0,6725.0,0,123.19,0,55.95,0,180.0,0,8321.0,0,117.49,0,37.37,0,152.0,0,4168.0,0,118.29,0,42.29,0,114.0,0,73.1,0,127.0,0,74.0,0,85.0,0,91.14,0,124.0,0,89.0,0,138.0,0,100.39,0,121.0,0,89.0,0,134.0,0,87.01,0,123.0,0,94.0,0,108.0,0,33.0,0,43.0,0,30.0,0,20.7896,0,39.0,0,61.0,0,38.0,0,27.1153,0,46.0,0,61.0,0,40.0,0,23.6848,0,43.0,0,68.0,0,31.0,0,31.5799,0
2020-07-15,4696.0,0,26.86,0,25.67,0,50.0,0,6951.0,0,120.91,0,51.35,0,173.0,0,8478.0,0,118.46,0,37.05,0,154.0,0,4254.0,0,117.9,0,39.94,0,114.0,0,75.06,0,127.0,0,71.0,0,75.0,0,90.67,0,124.0,0,87.0,0,128.0,0,102.24,0,121.0,0,87.0,0,130.0,0,86.88,0,123.0,0,90.0,0,99.0,0,34.0,0,41.0,0,30.0,0,17.8363,0,40.0,0,57.0,0,38.0,0,22.2619,0,47.0,0,61.0,0,39.0,0,23.5571,0,45.0,0,66.0,0,32.0,0,30.6885,0
2020-07-16,4860.0,0,26.29,0,24.68,0,51.0,0,7046.0,0,122.26,0,55.1,0,176.0,0,8627.0,0,116.7,0,35.24,0,154.0,0,4333.0,0,117.19,0,42.22,0,114.0,0,75.23,0,128.0,0,72.0,0,71.0,0,92.94,0,125.0,0,89.0,0,138.0,0,102.32,0,121.0,0,88.0,0,134.0,0,89.52,0,124.0,0,92.0,0,101.0,0,33.0,0,41.0,0,29.0,0,20.0339,0,39.0,0,57.0,0,37.0,0,23.3533,0,46.0,0,61.0,0,38.0,0,22.869,0,43.0,0,66.0,0,31.0,0,32.4369,0
2020-07-17,4975.0,0,30.66,0,25.73,0,52.0,0,7131.0,0,138.65,0,55.55,0,177.0,0,8858.0,0,138.6,0,38.46,0,161.0,0,4403.0,0,133.96,0,43.53,0,114.0,0,86.94,0,126.0,0,73.0,0,76.0,0,104.63,0,124.0,0,88.0,0,127.0,0,116.87,0,120.0,0,89.0,0,128.0,0,99.03,0,123.0,0,92.0,0,104.0,0,37.0,0,41.0,0,31.0,0,20.4274,0,42.0,0,56.0,0,39.0,0,27.4393,0,50.0,0,59.0,0,40.0,0,27.7811,0,46.0,0,65.0,0,30.0,0,38.5984,0
2020-07-18,5116.0,0,33.24,0,21.65,0,52.0,0,7300.0,0,125.67,0,35.21,0,177.0,0,9110.0,0,125.0,0,33.67,0,162.0,0,4465.0,0,126.99,0,34.31,0,114.0,0,85.35,0,112.0,0,74.0,0,85.0,0,95.48,0,110.0,0,85.0,0,121.0,0,103.1,0,110.0,0,87.0,0,130.0,0,98.21,0,110.0,0,93.0,0,129.0,0,78.0,0,40.0,0,39.0,0,38.2804,0,86.0,0,53.0,0,53.0,0,53.1893,0,83.0,0,55.0,0,50.0,0,57.2378,0,85.0,0,64.0,0,34.0,0,75.1741,0
2020-07-19,5202.0,0,26.29,0,20.4,0,52.0,0,7456.0,0,105.75,0,48.57,0,177.0,0,9237.0,0,104.11,0,30.55,0,162.0,0,4465.0,0,105.79,0,34.76,0,114.0,0,72.12,0,111.0,0,69.0,0,83.0,0,81.67,0,108.0,0,81.0,0,129.0,0,85.37,0,108.0,0,83.0,0,132.0,0,81.6,0,109.0,0,90.0,0,128.0,0,78.0,0,42.0,0,41.0,0,29.4312,0,86.0,0,54.0,0,47.0,0,44.3426,0,82.0,0,57.0,0,51.0,0,43.552,0,83.0,0,65.0,0,29.0,0,60.108000000000004,0
2020-07-20,5305.0,0,24.87,0,21.82,0,52.0,0,7795.0,0,115.66,0,37.33,0,178.0,0,9256.0,0,110.69,0,34.79,0,162.0,0,4551.0,0,115.6,0,34.74,0,114.0,0,70.76,0,126.0,0,69.0,0,71.0,0,86.31,0,124.0,0,85.0,0,131.0,0,95.57,0,120.0,0,83.0,0,122.0,0,84.06,0,123.0,0,86.0,0,95.0,0,32.0,0,42.0,0,30.0,0,16.6528,0,39.0,0,57.0,0,38.0,0,20.9016,0,46.0,0,62.0,0,39.0,0,22.9746,0,42.0,0,66.0,0,30.0,0,30.3809,0
2020-07-21,5363.0,0,26.08,0,25.17,0,53.0,0,8046.0,0,122.86,0,55.81,0,178.0,0,9383.0,0,111.28,0,34.98,0,166.0,0,4674.0,0,117.66,0,40.53,0,114.0,0,74.53,0,127.0,0,72.0,0,84.0,0,90.41,0,124.0,0,87.0,0,144.0,0,98.38,0,121.0,0,88.0,0,132.0,0,86.12,0,123.0,0,90.0,0,105.0,0,32.0,0,42.0,0,29.0,0,12.83305,0,39.0,0,58.0,0,38.0,0,14.7273,0,46.0,0,61.0,0,39.0,0,15.9973,0,42.0,0,68.0,0,30.0,0,20.4982,0
2020-07-22,5459.0,0,27.66,0,25.02,0,53.0,0,8321.0,0,124.47,0,53.6,0,180.0,0,9643.0,0,117.13,0,35.99,0,171.0,0,4776.0,0,119.27,0,40.74,0,114.0,0,76.92,0,0.0,100,0.0,100,0.0,100,92.13,0,0.0,100,0.0,100,0.0,100,100.19,0,0.0,100,0.0,100,0.0,100,89.01,0,0.0,100,0.0,100,0.0,100,0.0,100,0.0,100,0.0,100,12.6669,0,0.0,100,0.0,100,0.0,100,14.7228,0,0.0,100,0.0,100,0.0,100,15.2896,0,0.0,100,0.0,100,0.0,100,20.50345,0
2020-07-23,5564.0,0,26.89,0,23.11,0,55.0,0,8533.0,0,124.1,0,44.56,0,181.0,0,9869.0,0,118.83,0,35.92,0,173.0,0,4885.0,0,119.18,0,35.84,0,114.0,0,77.75,0,0.0,100,0.0,100,0.0,100,93.06,0,0.0,100,0.0,100,0.0,100,103.62,0,0.0,100,0.0,100,0.0,100,92.03,0,0.0,100,0.0,100,0.0,100,0.0,100,0.0,100,0.0,100,13.3565,0,0.0,100,0.0,100,0.0,100,16.1142,0,0.0,100,0.0,100,0.0,100,15.89495,0,0.0,100,0.0,100,0.0,100,23.63995,0
2020-07-24,5679.0,0,29.38,0,24.23,0,56.0,0,8719.0,0,138.62,0,54.53,0,183.0,0,10214.0,0,135.47,0,35.78,0,178.0,0,4957.0,0,129.57,0,41.83,0,117.0,0,86.81,0,0.0,100,0.0,100,0.0,100,104.79,0,0.0,100,0.0,100,0.0,100,118.52,0,0.0,100,0.0,100,0.0,100,100.84,0,0.0,100,0.0,100,0.0,100,0.0,100,0.0,100,0.0,100,14.63335,0,0.0,100,0.0,100,0.0,100,20.16525,0,0.0,100,0.0,100,0.0,100,20.606749999999998,0,0.0,100,0.0,100,0.0,100,28.08795,0
2020-07-25,5787.0,0,34.59,0,23.09,0,56.0,0,8833.0,0,128.95,0,34.33,0,184.0,0,10330.0,0,129.3,0,36.07,0,178.0,0,5022.0,0,131.21,0,36.15,0,117.0,0,88.12,0,0.0,100,0.0,100,0.0,100,97.01,0,0.0,100,0.0,100,0.0,100,105.81,0,0.0,100,0.0,100,0.0,100,100.75,0,0.0,100,0.0,100,0.0,100,0.0,100,0.0,100,0.0,100,29.5777,0,0.0,100,0.0,100,0.0,100,41.19775,0,0.0,100,0.0,100,0.0,100,41.82305,0,0.0,100,0.0,100,0.0,100,58.240399999999994,0
2020-07-26,5932.0,0,26.83,0,21.99,0,56.0,0,9041.0,0,110.07,0,50.05,0,184.0,0,10330.0,0,104.46,0,31.49,0,178.0,0,5022.0,0,108.92,0,35.33,0,117.0,0,74.44,0,0.0,100,0.0,100,0.0,100,81.38,0,0.0,100,0.0,100,0.0,100,87.33,0,0.0,100,0.0,100,0.0,100,85.24,0,0.0,100,0.0,100,0.0,100,0.0,100,0.0,100,0.0,100,21.94785,0,0.0,100,0.0,100,0.0,100,33.702650000000006,0,0.0,100,0.0,100,0.0,100,31.75445,0,0.0,100,0.0,100,0.0,100,41.855999999999995,0
2020-07-27,6022.0,0,25.37,0,24.03,0,56.0,0,9215.0,0,117.79,0,57.29,0,184.0,0,10438.0,0,110.46,0,35.42,0,178.0,0,5124.0,0,116.61,0,40.11,0,117.0,0,72.74,0,0.0,100,0.0,100,0.0,100,90.3,0,0.0,100,0.0,100,0.0,100,98.46,0,0.0,100,0.0,100,0.0,100,84.87,0,0.0,100,0.0,100,0.0,100,0.0,100,0.0,100,0.0,100,12.02965,0,0.0,100,0.0,100,0.0,100,15.6068,0,0.0,100,0.0,100,0.0,100,16.8669,0,0.0,100,0.0,100,0.0,100,20.60825,0
2020-07-28,6065.0,0,26.27,0,25.23,0,56.0,0,9215.0,0,124.93,0,56.4,0,184.0,0,10633.0,0,113.86,0,36.5,0,181.0,0,5198.0,0,117.36,0,40.64,0,118.0,0,77.12,0,127.0,0,70.0,0,79.0,0,92.94,0,124.0,0,86.0,0,139.0,0,101.56,0,120.0,0,87.0,0,134.0,0,89.43,0,123.0,0,91.0,0,109.0,0,33.0,0,41.0,0,30.0,0,12.634150000000002,0,39.0,0,58.0,0,37.0,0,15.17925,0,46.0,0,61.0,0,39.0,0,15.9974,0,43.0,0,67.0,0,29.0,0,20.802,0
2020-07-29,6197.0,0,27.99,0,23.8,0,57.0,0,9612.0,0,127.13,0,56.86,0,187.0,0,10773.0,0,117.59,0,36.88,0,181.0,0,5306.0,0,118.82,0,40.57,0,118.0,0,77.91,0,126.0,0,71.0,0,74.0,0,93.66,0,124.0,0,86.0,0,128.0,0,104.19,0,120.0,0,85.0,0,133.0,0,90.94,0,123.0,0,88.0,0,105.0,0,33.0,0,40.0,0,29.0,0,16.0932,0,39.0,0,57.0,0,37.0,0,20.5713,0,46.0,0,61.0,0,40.0,0,25.3612,0,43.0,0,67.0,0,31.0,0,31.2135,0
2020-07-30,6423.0,0,27.94,0,24.81,0,58.0,0,9731.0,0,125.78,0,53.76,0,190.0,0,11131.0,0,118.96,0,37.58,0,182.0,0,5398.0,0,119.98,0,39.48,0,118.0,0,79.1,0,127.0,0,71.0,0,75.0,0,97.11,0,124.0,0,87.0,0,133.0,0,107.82,0,120.0,0,87.0,0,133.0,0,92.28,0,123.0,0,89.0,0,104.0,0,33.0,0,40.0,0,29.0,0,16.5016,0,38.0,0,57.0,0,37.0,0,22.0047,0,45.0,0,61.0,0,39.0,0,26.0374,0,43.0,0,67.0,0,30.0,0,34.3442,0
2020-07-31,6575.0,0,32.15,0,24.97,0,59.0,0,9913.0,0,139.9,0,53.7,0,191.0,0,11139.0,0,141.24,0,38.54,0,182.0,0,5469.0,0,138.71,0,40.25,0,119.0,0,92.88,0,125.0,0,73.0,0,83.0,0,107.59,0,123.0,0,87.0,0,124.0,0,125.58,0,119.0,0,88.0,0,128.0,0,106.0,0,122.0,0,92.0,0,107.0,0,37.0,0,40.0,0,33.0,0,19.0113,0,41.0,0,56.0,0,38.0,0,25.3715,0,49.0,0,60.0,0,42.0,0,30.46,0,46.0,0,66.0,0,31.0,0,37.9885,0
2020-08-01,6723.0,0,35.62,0,22.91,0,61.0,0,10321.0,0,132.86,0,35.4,0,191.0,0,11484.0,0,130.42,0,38.17,0,189.0,0,5544.0,0,129.8,0,35.67,0,119.0,0,91.26,0,111.0,0,73.0,0,89.0,0,101.72,0,109.0,0,84.0,0,119.0,0,109.45,0,109.0,0,87.0,0,128.0,0,103.09,0,110.0,0,91.0,0,125.0,0,75.0,0,39.0,0,42.0,0,41.2328,0,84.0,0,54.0,0,53.0,0,55.7307,0,81.0,0,56.0,0,51.0,0,70.5118,0,84.0,0,63.0,0,35.0,0,75.4117,0
2020-08-02,6811.0,0,28.8,0,22.47,0,61.0,0,10626.0,0,111.32,0,45.2,0,191.0,0,11524.0,0,102.19,0,31.14,0,189.0,0,5544.0,0,110.43,0,35.86,0,119.0,0,78.03,0,110.0,0,70.0,0,92.0,0,82.74,0,107.0,0,81.0,0,123.0,0,90.46,0,107.0,0,83.0,0,136.0,0,85.76,0,108.0,0,90.0,0,131.0,0,76.0,0,41.0,0,43.0,0,28.2412,0,83.0,0,55.0,0,47.0,0,43.287,0,81.0,0,59.0,0,54.0,0,50.1497,0,81.0,0,64.0,0,31.0,0,54.3199,0
2020-08-03,6916.0,0,27.11,0,25.83,0,61.0,0,10794.0,0,119.66,0,52.53,0,191.0,0,11524.0,0,113.57,0,38.93,0,189.0,0,5683.0,0,116.54,0,41.27,0,119.0,0,76.62,0,125.0,0,73.0,0,82.0,0,93.46,0,123.0,0,86.0,0,129.0,0,113.23,0,119.0,0,85.0,0,126.0,0,90.1,0,122.0,0,87.0,0,107.0,0,32.0,0,43.0,0,31.0,0,15.3678,0,38.0,0,59.0,0,36.0,0,19.8331,0,46.0,0,64.0,0,41.0,0,23.2288,0,42.0,0,65.0,0,30.0,0,28.9625,0
2020-08-04,6989.0,0,27.07,0,24.72,0,61.0,0,11030.0,0,123.75,0,53.21,0,192.0,0,11909.0,0,115.83,0,37.82,0,192.0,0,5744.0,0,119.09,0,38.9,0,120.0,0,76.54,0,127.0,0,73.0,0,80.0,0,93.08,0,124.0,0,87.0,0,141.0,0,103.2,0,120.0,0,88.0,0,133.0,0,88.94,0,123.0,0,90.0,0,105.0,0,31.0,0,41.0,0,30.0,0,16.3985,0,38.0,0,59.0,0,37.0,0,20.4354,0,45.0,0,62.0,0,40.0,0,23.4779,0,42.0,0,66.0,0,30.0,0,28.3958,0
2020-08-05,7081.0,0,27.29,0,24.64,0,62.0,0,11030.0,0,125.39,0,54.28,0,192.0,0,12136.0,0,112.61,0,37.97,0,193.0,0,5758.0,0,113.03,0,35.55,0,120.0,0,76.86,0,127.0,0,71.0,0,73.0,0,93.01,0,124.0,0,86.0,0,119.0,0,102.88,0,120.0,0,85.0,0,112.0,0,88.76,0,123.0,0,85.0,0,84.0,0,33.0,0,41.0,0,29.0,0,16.3331,0,39.0,0,58.0,0,36.0,0,21.840999999999998,0,46.0,0,61.0,0,39.0,0,24.9567,0,43.0,0,64.0,0,31.0,0,26.5165,0
2020-08-06,7228.0,0,29.39,0,25.14,0,63.0,0,11336.0,0,130.55,0,62.07,0,196.0,0,12884.0,0,124.44,0,39.79,0,206.0,0,5891.0,0,122.75,0,41.72,0,120.0,0,80.6,0,127.0,0,74.0,0,85.0,0,97.38,0,124.0,0,88.0,0,134.0,0,109.28,0,120.0,0,88.0,0,139.0,0,95.04,0,123.0,0,89.0,0,109.0,0,33.0,0,42.0,0,30.0,0,16.9448,0,38.0,0,59.0,0,36.0,0,22.8617,0,46.0,0,63.0,0,39.0,0,24.2543,0,43.0,0,65.0,0,31.0,0,31.9671,0
2020-08-07,7326.0,0,34.13,0,27.26,0,64.0,0,11336.0,0,146.33,0,51.07,0,196.0,0,12884.0,0,144.07,0,41.47,0,206.0,0,5978.0,0,136.27,0,41.3,0,120.0,0,93.26,0,125.0,0,74.0,0,82.0,0,109.72,0,123.0,0,86.0,0,119.0,0,127.63,0,119.0,0,87.0,0,128.0,0,105.49,0,122.0,0,90.0,0,113.0,0,36.0,0,41.0,0,32.0,0,17.6869,0,41.0,0,58.0,0,37.0,0,26.5102,0,49.0,0,61.0,0,41.0,0,30.1069,0,45.0,0,64.0,0,31.0,0,35.736,0
2020-08-08,7432.0,0,38.17,0,23.73,0,67.0,0,11475.0,0,138.52,0,33.62,0,203.0,0,13213.0,0,135.4,0,36.86,0,208.0,0,6110.0,0,136.73,0,37.53,0,120.0,0,94.68,0,111.0,0,73.0,0,93.0,0,102.3,0,109.0,0,83.0,0,116.0,0,109.89,0,109.0,0,86.0,0,131.0,0,105.38,0,110.0,0,90.0,0,133.0,0,75.0,0,41.0,0,42.0,0,38.3195,0,84.0,0,55.0,0,51.0,0,54.6504,0,82.0,0,58.0,0,50.0,0,61.4468,0,83.0,0,63.0,0,34.0,0,68.1027,0
2020-08-09,7548.0,0,30.49,0,23.59,0,67.0,0,11687.0,0,113.26,0,47.27,0,204.0,0,13213.0,0,111.44,0,32.89,0,208.0,0,6110.0,0,113.39,0,36.25,0,120.0,0,80.95,0,110.0,0,69.0,0,94.0,0,85.31,0,107.0,0,79.0,0,117.0,0,92.12,0,107.0,0,84.0,0,136.0,0,89.95,0,108.0,0,89.0,0,139.0,0,77.0,0,43.0,0,43.0,0,29.8614,0,84.0,0,57.0,0,45.0,0,45.9995,0,81.0,0,60.0,0,52.0,0,49.1872,0,82.0,0,65.0,0,31.0,0,52.9271,0
2020-08-10,7623.0,0,27.19,0,25.11,0,67.0,0,12694.0,0,124.87,0,52.09,0,205.0,0,13631.0,0,117.49,0,38.99,0,209.0,0,6318.0,0,117.56,0,43.05,0,120.0,0,77.14,0,126.0,0,72.0,0,74.0,0,91.65,0,123.0,0,84.0,0,125.0,0,101.29,0,119.0,0,84.0,0,122.0,0,88.75,0,122.0,0,85.0,0,107.0,0,32.0,0,43.0,0,29.0,0,16.8446,0,38.0,0,60.0,0,36.0,0,21.9497,0,46.0,0,63.0,0,39.0,0,25.9202,0,42.0,0,66.0,0,31.0,0,29.7302,0
2020-08-11,7692.0,0,28.82,0,25.45,0,67.0,0,12962.0,0,126.81,0,50.55,0,207.0,0,13631.0,0,119.65,0,37.88,0,205.0,0,6431.0,0,121.15,0,37.66,0,122.0,0,77.78,0,127.0,0,71.0,0,84.0,0,94.17,0,123.0,0,86.0,0,140.0,0,105.4,0,120.0,0,86.0,0,136.0,0,91.02,0,123.0,0,87.0,0,121.0,0,32.0,0,42.0,0,29.0,0,16.0931,0,39.0,0,60.0,0,36.0,0,20.0133,0,45.0,0,63.0,0,39.0,0,22.8668,0,42.0,0,68.0,0,30.0,0,26.0095,0
2020-08-12,7834.0,0,29.84,0,27.2,0,67.0,0,12962.0,0,127.62,0,53.11,0,207.0,0,14112.0,0,120.59,0,37.84,0,209.0,0,6535.0,0,122.56,0,39.57,0,122.0,0,80.22,0,126.0,0,70.0,0,79.0,0,94.44,0,124.0,0,85.0,0,123.0,0,105.61,0,120.0,0,84.0,0,130.0,0,92.1,0,123.0,0,85.0,0,107.0,0,33.0,0,41.0,0,29.0,0,15.7026,0,39.0,0,59.0,0,36.0,0,20.0706,0,46.0,0,62.0,0,38.0,0,23.6575,0,43.0,0,67.0,0,32.0,0,25.819000000000003,0
2020-08-13,7944.0,0,31.09,0,27.39,0,67.0,0,13059.0,0,125.22,0,49.76,0,207.0,0,14548.0,0,124.0,0,37.79,0,216.0,0,6640.0,0,125.9,0,43.18,0,122.0,0,84.35,0,126.0,0,71.0,0,88.0,0,96.19,0,124.0,0,86.0,0,120.0,0,109.46,0,120.0,0,86.0,0,131.0,0,95.95,0,123.0,0,88.0,0,117.0,0,33.0,0,41.0,0,30.0,0,16.9155,0,38.0,0,58.0,0,35.0,0,20.5598,0,45.0,0,63.0,0,38.0,0,24.6824,0,42.0,0,67.0,0,31.0,0,29.4984,0
2020-08-14,8053.0,0,38.76,0,29.83,0,69.0,0,13865.0,0,146.32,0,53.98,0,208.0,0,14558.0,0,143.41,0,41.04,0,219.0,0,6803.0,0,152.11,0,44.27,0,126.0,0,103.34,0,123.0,0,74.0,0,97.0,0,116.76,0,123.0,0,86.0,0,98.0,0,126.2,0,119.0,0,88.0,0,118.0,0,117.72,0,121.0,0,94.0,0,131.0,0,36.0,0,42.0,0,33.0,0,20.444000000000003,0,41.0,0,58.0,0,36.0,0,23.3679,0,48.0,0,61.0,0,39.0,0,29.1147,0,45.0,0,68.0,0,31.0,0,32.1762,0
2020-08-15,8157.0,0,46.46,0,28.84,0,69.0,0,13865.0,0,139.77,0,49.57,0,208.0,0,14558.0,0,136.03,0,37.07,0,219.0,0,6952.0,0,154.01,0,39.24,0,126.0,0,110.55,0,110.0,0,76.0,0,108.0,0,111.64,0,109.0,0,84.0,0,88.0,0,117.05,0,109.0,0,87.0,0,117.0,0,125.99,0,109.0,0,93.0,0,146.0,0,74.0,0,42.0,0,42.0,0,46.1273,0,82.0,0,55.0,0,49.0,0,58.4005,0,79.0,0,57.0,0,49.0,0,73.2603,0,81.0,0,66.0,0,34.0,0,95.4568,0
2020-08-16,8292.0,0,31.05,0,23.08,0,69.0,0,14207.0,0,109.51,0,48.43,0,209.0,0,14973.0,0,104.06,0,30.07,0,221.0,0,6952.0,0,110.59,0,36.0,0,126.0,0,81.91,0,111.0,0,67.0,0,86.0,0,85.5,0,107.0,0,78.0,0,82.0,0,90.25,0,108.0,0,80.0,0,99.0,0,89.64,0,109.0,0,87.0,0,117.0,0,73.0,0,42.0,0,41.0,0,35.8916,0,81.0,0,56.0,0,44.0,0,48.9863,0,77.0,0,58.0,0,48.0,0,56.341,0,78.0,0,65.0,0,31.0,0,80.3376,0
2020-08-17,8346.0,0,28.51,0,26.93,0,69.0,0,14429.0,0,118.86,0,50.11,0,209.0,0,15123.0,0,115.26,0,37.75,0,221.0,0,7150.0,0,115.18,0,39.34,0,126.0,0,77.26,0,125.0,0,70.0,0,80.0,0,94.37,0,123.0,0,83.0,0,104.0,0,102.63,0,120.0,0,82.0,0,111.0,0,90.14,0,122.0,0,85.0,0,102.0,0,31.0,0,43.0,0,29.0,0,22.68,0,38.0,0,59.0,0,35.0,0,21.0169,0,45.0,0,63.0,0,38.0,0,27.1154,0,42.0,0,67.0,0,31.0,0,55.7836,0
2020-08-18,8427.0,0,30.33,0,27.2,0,70.0,0,14636.0,0,124.47,0,53.92,0,209.0,0,15437.0,0,126.8,0,38.92,0,224.0,0,7228.0,0,117.74,0,39.11,0,127.0,0,81.07,0,126.0,0,74.0,0,93.0,0,95.03,0,124.0,0,85.0,0,111.0,0,106.7,0,120.0,0,87.0,0,122.0,0,94.41,0,123.0,0,89.0,0,121.0,0,32.0,0,43.0,0,30.0,0,20.7951,0,39.0,0,59.0,0,35.0,0,20.0813,0,46.0,0,63.0,0,38.0,0,26.9374,0,42.0,0,68.0,0,31.0,0,51.818999999999996,0
2020-08-19,8528.0,0,29.98,0,26.15,0,72.0,0,15085.0,0,117.66,0,55.36,0,216.0,0,15836.0,0,123.17,0,39.44,0,228.0,0,7321.0,0,114.69,0,38.92,0,127.0,0,82.39,0,127.0,0,70.0,0,73.0,0,94.6,0,125.0,0,82.0,0,77.0,0,113.19,0,121.0,0,85.0,0,102.0,0,94.0,0,124.0,0,86.0,0,91.0,0,32.0,0,40.0,0,29.0,0,21.8716,0,38.0,0,55.0,0,33.0,0,19.4635,0,46.0,0,62.0,0,37.0,0,26.0988,0,42.0,0,65.0,0,31.0,0,52.9382,0
2020-08-20,8611.0,0,29.95,0,25.84,0,72.0,0,15258.0,0,128.12,0,51.57,0,217.0,0,16184.0,0,129.37,0,39.94,0,231.0,0,7382.0,0,119.19,0,37.12,0,127.0,0,80.9,0,127.0,0,72.0,0,73.0,0,95.9,0,125.0,0,87.0,0,108.0,0,111.24,0,121.0,0,87.0,0,106.0,0,94.08,0,124.0,0,87.0,0,102.0,0,32.0,0,41.0,0,29.0,0,19.0536,0,38.0,0,58.0,0,35.0,0,20.8164,0,45.0,0,63.0,0,37.0,0,24.5507,0,42.0,0,67.0,0,31.0,0,53.7559,0
2020-08-21,8702.0,0,36.32,0,27.58,0,72.0,0,15496.0,0,147.18,0,53.04,0,222.0,0,16469.0,0,154.95,0,41.34,0,237.0,0,7472.0,0,140.67,0,39.86,0,128.0,0,93.69,0,126.0,0,72.0,0,73.0,0,110.59,0,124.0,0,86.0,0,92.0,0,124.48,0,120.0,0,87.0,0,99.0,0,104.17,0,123.0,0,88.0,0,94.0,0,36.0,0,41.0,0,31.0,0,23.5313,0,41.0,0,56.0,0,37.0,0,22.7111,0,49.0,0,60.0,0,39.0,0,27.1199,0,45.0,0,65.0,0,31.0,0,54.1392,0
2020-08-22,8791.0,0,43.66,0,28.38,0,74.0,0,15496.0,0,135.43,0,32.62,0,224.0,0,16693.0,0,145.32,0,39.92,0,234.0,0,7535.0,0,142.5,0,33.98,0,128.0,0,100.4,0,112.0,0,75.0,0,90.0,0,95.74,0,111.0,0,84.0,0,74.0,0,110.8,0,110.0,0,86.0,0,93.0,0,99.12,0,111.0,0,89.0,0,91.0,0,74.0,0,43.0,0,41.0,0,46.3267,0,82.0,0,54.0,0,48.0,0,53.9751,0,81.0,0,57.0,0,47.0,0,62.1372,0,82.0,0,64.0,0,33.0,0,92.1853,0
2020-08-23,8871.0,0,30.2,0,24.63,0,77.0,0,15688.0,0,105.13,0,43.7,0,224.0,0,16723.0,0,117.89,0,34.52,0,234.0,0,7535.0,0,106.82,0,31.12,0,128.0,0,78.56,0,112.0,0,69.0,0,79.0,0,77.84,0,110.0,0,78.0,0,69.0,0,87.57,0,109.0,0,81.0,0,86.0,0,76.06,0,111.0,0,83.0,0,68.0,0,74.0,0,43.0,0,41.0,0,37.6058,0,81.0,0,54.0,0,43.0,0,45.3426,0,78.0,0,58.0,0,48.0,0,46.6271,0,80.0,0,62.0,0,30.0,0,77.7764,0
2020-08-24,8936.0,0,27.32,0,27.35,0,77.0,0,16151.0,0,117.71,0,49.79,0,224.0,0,16786.0,0,125.85,0,41.2,0,234.0,0,7670.0,0,113.45,0,36.28,0,128.0,0,73.31,0,126.0,0,71.0,0,70.0,0,87.61,0,125.0,0,81.0,0,91.0,0,115.64,0,121.0,0,82.0,0,98.0,0,82.94,0,123.0,0,83.0,0,80.0,0,31.0,0,43.0,0,29.0,0,18.0737,0,38.0,0,57.0,0,34.0,0,18.4084,0,46.0,0,63.0,0,37.0,0,23.9646,0,42.0,0,65.0,0,30.0,0,44.9259,0
2020-08-25,8981.0,0,27.48,0,26.19,0,77.0,0,16151.0,0,126.04,0,52.34,0,233.0,0,17275.0,0,127.15,0,39.3,0,240.0,0,7788.0,0,115.93,0,35.9,0,130.0,0,73.36,0,127.0,0,73.0,0,76.0,0,89.51,0,125.0,0,85.0,0,108.0,0,101.57,0,121.0,0,87.0,0,116.0,0,83.48,0,124.0,0,87.0,0,90.0,0,32.0,0,42.0,0,30.0,0,17.2736,0,38.0,0,59.0,0,35.0,0,17.6943,0,45.0,0,63.0,0,38.0,0,21.9129,0,42.0,0,66.0,0,30.0,0,38.9162,0
2020-08-26,9060.0,0,27.64,0,26.4,0,80.0,0,16306.0,0,130.53,0,54.84,0,237.0,0,17385.0,0,129.75,0,37.21,0,243.0,0,7849.0,0,114.04,0,36.06,0,130.0,0,76.22,0,127.0,0,69.0,0,67.0,0,92.35,0,124.0,0,85.0,0,114.0,0,102.45,0,121.0,0,84.0,0,116.0,0,85.37,0,124.0,0,85.0,0,91.0,0,33.0,0,41.0,0,30.0,0,16.0485,0,40.0,0,59.0,0,35.0,0,18.7516,0,47.0,0,62.0,0,38.0,0,21.8629,0,44.0,0,65.0,0,32.0,0,45.1426,0
2020-08-27,9149.0,0,29.23,0,26.34,0,82.0,0,16393.0,0,127.9,0,48.95,0,240.0,0,17621.0,0,129.91,0,39.41,0,244.0,0,7911.0,0,113.08,0,37.97,0,130.0,0,78.32,0,127.0,0,71.0,0,76.0,0,92.24,0,124.0,0,86.0,0,126.0,0,105.26,0,121.0,0,86.0,0,132.0,0,88.32,0,123.0,0,86.0,0,99.0,0,33.0,0,43.0,0,30.0,0,21.4042,0,39.0,0,59.0,0,35.0,0,19.3582,0,46.0,0,64.0,0,39.0,0,21.6281,0,43.0,0,66.0,0,31.0,0,47.058,0
2020-08-28,9215.0,0,33.44,0,27.84,0,83.0,0,16607.0,0,148.24,0,53.32,0,245.0,0,17847.0,0,151.14,0,42.02,0,247.0,0,7978.0,0,127.9,0,37.49,0,131.0,0,89.88,0,126.0,0,69.0,0,65.0,0,106.24,0,124.0,0,86.0,0,107.0,0,122.32,0,120.0,0,85.0,0,113.0,0,98.89,0,123.0,0,87.0,0,80.0,0,36.0,0,41.0,0,32.0,0,17.6862,0,42.0,0,59.0,0,36.0,0,19.4721,0,50.0,0,62.0,0,40.0,0,21.5831,0,45.0,0,64.0,0,30.0,0,43.3404,0
2020-08-29,9349.0,0,39.71,0,25.72,0,83.0,0,17013.0,0,142.22,0,34.96,0,245.0,0,17847.0,0,146.67,0,38.93,0,247.0,0,8074.0,0,125.4,0,30.41,0,131.0,0,92.76,0,112.0,0,73.0,0,79.0,0,98.29,0,110.0,0,85.0,0,106.0,0,110.43,0,109.0,0,86.0,0,116.0,0,92.46,0,111.0,0,88.0,0,83.0,0,74.0,0,42.0,0,41.0,0,43.8722,0,84.0,0,58.0,0,50.0,0,60.5891,0,81.0,0,60.0,0,46.0,0,62.9257,0,81.0,0,64.0,0,32.0,0,90.3153,0
2020-08-30,9428.0,0,30.56,0,24.4,0,83.0,0,17013.0,0,115.89,0,47.63,0,245.0,0,18040.0,0,120.43,0,35.4,0,258.0,0,8074.0,0,100.8,0,32.15,0,131.0,0,78.2,0,110.0,0,70.0,0,85.0,0,81.64,0,108.0,0,81.0,0,116.0,0,90.53,0,108.0,0,83.0,0,130.0,0,78.0,0,109.0,0,86.0,0,93.0,0,75.0,0,45.0,0,43.0,0,31.6645,0,84.0,0,60.0,0,44.0,0,48.2316,0,81.0,0,63.0,0,52.0,0,48.0825,0,81.0,0,65.0,0,31.0,0,74.7499,0
2020-08-31,9494.0,0,26.47,0,25.34,0,83.0,0,17349.0,0,116.53,0,51.17,0,244.0,0,18187.0,0,116.98,0,38.04,0,258.0,0,8169.0,0,105.07,0,36.76,0,131.0,0,72.3,0,126.0,0,70.0,0,70.0,0,86.95,0,124.0,0,83.0,0,120.0,0,100.42,0,120.0,0,82.0,0,115.0,0,82.35,0,123.0,0,83.0,0,93.0,0,32.0,0,44.0,0,31.0,0,34.1087,0,39.0,0,61.0,0,35.0,0,35.919000000000004,0,46.0,0,64.0,0,39.0,0,40.2752,0,42.0,0,66.0,0,31.0,0,71.5137,0
2020-09-01,9544.0,0,27.62,0,25.3,0,83.0,0,17349.0,0,123.2,0,53.95,0,248.0,0,18445.0,0,124.36,0,37.1,0,257.0,0,8260.0,0,112.59,0,36.28,0,132.0,0,73.51,0,126.0,0,75.0,0,80.0,0,89.83,0,124.0,0,87.0,0,133.0,0,99.68,0,120.0,0,89.0,0,129.0,0,82.61,0,123.0,0,89.0,0,102.0,0,32.0,0,45.0,0,32.0,0,17.4112,0,39.0,0,62.0,0,35.0,0,18.3675,0,46.0,0,65.0,0,40.0,0,20.6565,0,43.0,0,68.0,0,31.0,0,40.7942,0
2020-09-02,9617.0,0,29.3,0,27.49,0,84.0,0,17802.0,0,128.38,0,51.73,0,250.0,0,18695.0,0,126.67,0,39.79,0,274.0,0,8311.0,0,110.66,0,35.73,0,132.0,0,76.8,0,125.0,0,73.0,0,79.0,0,91.85,0,123.0,0,88.0,0,125.0,0,105.79,0,120.0,0,86.0,0,131.0,0,87.48,0,123.0,0,87.0,0,102.0,0,33.0,0,44.0,0,32.0,0,21.7965,0,40.0,0,62.0,0,35.0,0,22.9025,0,46.0,0,66.0,0,40.0,0,23.7744,0,44.0,0,68.0,0,33.0,0,49.2355,0
2020-09-03,9696.0,0,29.72,0,27.39,0,84.0,0,17993.0,0,127.03,0,51.09,0,253.0,0,18852.0,0,130.49,0,39.4,0,295.0,0,8390.0,0,118.55,0,36.75,0,132.0,0,80.35,0,126.0,0,73.0,0,74.0,0,94.8,0,123.0,0,90.0,0,136.0,0,108.31,0,120.0,0,90.0,0,130.0,0,90.79,0,122.0,0,91.0,0,108.0,0,32.0,0,44.0,0,32.0,0,26.2557,0,39.0,0,63.0,0,37.0,0,24.676,0,46.0,0,67.0,0,40.0,0,25.712,0,43.0,0,69.0,0,34.0,0,63.8463,0
2020-09-04,9755.0,0,38.43,0,30.23,0,84.0,0,18190.0,0,152.63,0,59.2,0,254.0,0,18977.0,0,156.07,0,44.6,0,296.0,0,8452.0,0,134.34,0,45.26,0,135.0,0,95.03,0,122.0,0,75.0,0,82.0,0,113.25,0,121.0,0,92.0,0,124.0,0,130.42,0,118.0,0,91.0,0,130.0,0,105.7,0,120.0,0,93.0,0,117.0,0,36.0,0,45.0,0,34.0,0,27.4532,0,41.0,0,64.0,0,38.0,0,31.2982,0,48.0,0,67.0,0,41.0,0,32.9531,0,45.0,0,70.0,0,35.0,0,67.0138,0
2020-09-05,9839.0,0,52.22,0,30.7,0,86.0,0,18190.0,0,142.14,0,35.64,0,257.0,0,19131.0,0,147.82,0,41.31,0,299.0,0,8617.0,0,137.67,0,36.92,0,135.0,0,109.2,0,109.0,0,75.0,0,110.0,0,99.64,0,108.0,0,85.0,0,100.0,0,114.81,0,108.0,0,88.0,0,123.0,0,104.64,0,108.0,0,92.0,0,120.0,0,73.0,0,47.0,0,45.0,0,54.7214,0,80.0,0,57.0,0,45.0,0,65.10600000000001,0,78.0,0,61.0,0,48.0,0,66.291,0,81.0,0,67.0,0,34.0,0,103.7024,0
2020-09-06,9915.0,0,51.0,0,29.05,0,86.0,0,18611.0,0,107.08,0,40.51,0,260.0,0,19131.0,0,115.3,0,35.15,0,299.0,0,8617.0,0,124.31,0,35.22,0,135.0,0,118.13,0,109.0,0,76.0,0,137.0,0,84.16,0,106.0,0,78.0,0,85.0,0,97.34,0,106.0,0,83.0,0,115.0,0,109.37,0,107.0,0,94.0,0,146.0,0,73.0,0,55.0,0,51.0,0,50.1639,0,80.0,0,57.0,0,39.0,0,48.7066,0,77.0,0,62.0,0,51.0,0,48.7859,0,79.0,0,72.0,0,31.0,0,89.0692,0
2020-09-07,9979.0,0,35.4,0,28.17,0,86.0,0,18611.0,0,104.52,0,41.95,0,260.0,0,19350.0,0,111.08,0,37.09,0,300.0,0,8617.0,0,110.88,0,40.09,0,135.0,0,92.57,0,123.0,0,73.0,0,137.0,0,80.77,0,125.0,0,89.0,0,110.0,0,92.19,0,123.0,0,85.0,0,135.0,0,94.71,0,124.0,0,95.0,0,195.0,0,19.0,0,51.0,0,27.0,0,27.119,0,18.0,0,63.0,0,28.0,0,29.2877,0,22.0,0,66.0,0,29.0,0,26.2972,0,22.0,0,75.0,0,30.0,0,63.3369,0
2020-09-08,9979.0,0,27.44,0,25.85,0,86.0,0,18717.0,0,116.97,0,48.37,0,260.0,0,19496.0,0,115.77,0,38.72,0,303.0,0,8750.0,0,106.0,0,34.9,0,136.0,0,72.66,0,125.0,0,74.0,0,77.0,0,87.99,0,123.0,0,88.0,0,116.0,0,100.09,0,120.0,0,87.0,0,119.0,0,83.67,0,122.0,0,89.0,0,103.0,0,31.0,0,44.0,0,31.0,0,20.7716,0,38.0,0,61.0,0,35.0,0,21.631999999999998,0,44.0,0,64.0,0,40.0,0,23.8285,0,42.0,0,68.0,0,35.0,0,51.4098,0
2020-09-09,10074.0,0,25.36,0,22.26,0,87.0,0,18854.0,0,115.31,0,45.64,0,263.0,0,19596.0,0,115.79,0,33.41,0,303.0,0,8807.0,0,97.48,0,31.04,0,136.0,0,72.32,0,128.0,0,67.0,0,66.0,0,86.86,0,125.0,0,85.0,0,98.0,0,98.89,0,121.0,0,81.0,0,96.0,0,80.12,0,124.0,0,82.0,0,79.0,0,31.0,0,40.0,0,30.0,0,18.7731,0,39.0,0,58.0,0,32.0,0,19.9694,0,45.0,0,60.0,0,38.0,0,21.5519,0,42.0,0,62.0,0,34.0,0,50.7773,0
2020-09-10,10120.0,0,25.85,0,24.09,0,88.0,0,18854.0,0,118.7,0,52.11,0,263.0,0,19710.0,0,119.03,0,35.92,0,303.0,0,8895.0,0,104.68,0,32.73,0,136.0,0,71.33,0,128.0,0,70.0,0,54.0,0,89.15,0,125.0,0,88.0,0,106.0,0,99.42,0,121.0,0,86.0,0,101.0,0,83.3,0,124.0,0,87.0,0,76.0,0,32.0,0,40.0,0,29.0,0,19.02,0,39.0,0,60.0,0,33.0,0,22.2886,0,46.0,0,64.0,0,37.0,0,23.4038,0,42.0,0,65.0,0,32.0,0,53.7585,0
2020-09-11,10188.0,0,30.96,0,24.93,0,89.0,0,19143.0,0,142.44,0,49.74,0,276.0,0,19819.0,0,140.23,0,39.56,0,320.0,0,8966.0,0,121.51,0,36.55,0,139.0,0,82.12,0,127.0,0,70.0,0,53.0,0,102.55,0,125.0,0,87.0,0,87.0,0,115.61,0,121.0,0,85.0,0,90.0,0,92.5,0,124.0,0,87.0,0,68.0,0,36.0,0,40.0,0,32.0,0,19.2658,0,42.0,0,60.0,0,33.0,0,24.4524,0,49.0,0,63.0,0,38.0,0,25.451999999999998,0,46.0,0,65.0,0,31.0,0,55.118,0
2020-09-12,10263.0,0,31.69,0,24.43,0,90.0,0,19417.0,0,135.59,0,36.37,0,280.0,0,19837.0,0,130.38,0,36.11,0,320.0,0,9077.0,0,117.88,0,31.12,0,139.0,0,78.09,0,114.0,0,0.0,100,0.0,100,95.17,0,111.0,0,0.0,100,0.0,100,103.23,0,111.0,0,0.0,100,0.0,100,87.2,0,112.0,0,0.0,100,0.0,100,75.0,0,0.0,100,0.0,100,41.3066,0,84.0,0,0.0,100,0.0,100,67.3213,0,81.0,0,0.0,100,0.0,100,62.3708,0,83.0,0,0.0,100,0.0,100,98.1315,0
2020-09-13,10302.0,0,24.22,0,22.22,0,91.0,0,19549.0,0,105.58,0,38.68,0,283.0,0,19991.0,0,106.52,0,32.49,0,332.0,0,9077.0,0,90.34,0,30.18,0,139.0,0,63.37,0,113.0,0,0.0,100,0.0,100,75.54,0,110.0,0,0.0,100,0.0,100,80.92,0,110.0,0,0.0,100,0.0,100,69.44,0,111.0,0,0.0,100,0.0,100,75.0,0,0.0,100,0.0,100,36.5387,0,84.0,0,0.0,100,0.0,100,50.6084,0,79.0,0,0.0,100,0.0,100,48.0562,0,80.0,0,0.0,100,0.0,100,79.3612,0
2020-09-14,10302.0,0,25.3,0,23.53,0,91.0,0,19549.0,0,113.29,0,45.45,0,283.0,0,20022.0,0,114.43,0,36.33,0,332.0,0,9077.0,0,100.7,0,33.44,0,139.0,0,68.46,0,126.0,0,0.0,100,0.0,100,84.15,0,124.0,0,0.0,100,0.0,100,95.76,0,120.0,0,0.0,100,0.0,100,78.52,0,123.0,0,0.0,100,0.0,100,33.0,0,0.0,100,0.0,100,19.4028,0,40.0,0,0.0,100,0.0,100,19.3728,0,48.0,0,0.0,100,0.0,100,21.9975,0,44.0,0,0.0,100,0.0,100,45.84,0
2020-09-15,10430.0,0,27.51,0,25.79,0,91.0,0,19683.0,0,119.12,0,45.43,0,287.0,0,20097.0,0,121.44,0,36.08,0,356.0,0,9242.0,0,111.14,0,35.91,0,142.0,0,71.6,0,126.0,0,0.0,100,0.0,100,88.51,0,124.0,0,0.0,100,0.0,100,99.01,0,120.0,0,0.0,100,0.0,100,82.43,0,123.0,0,0.0,100,0.0,100,34.0,0,0.0,100,0.0,100,18.5593,0,41.0,0,0.0,100,0.0,100,20.0256,0,48.0,0,0.0,100,0.0,100,22.2443,0,44.0,0,0.0,100,0.0,100,45.4221,0
2020-09-16,10490.0,0,30.13,0,27.94,0,91.0,0,19760.0,0,125.43,0,47.68,0,293.0,0,20097.0,0,133.42,0,40.0,0,356.0,0,9264.0,0,116.86,0,38.28,0,142.0,0,76.47,0,125.0,0,0.0,100,0.0,100,92.95,0,123.0,0,0.0,100,0.0,100,105.75,0,119.0,0,0.0,100,0.0,100,87.1,0,122.0,0,0.0,100,0.0,100,35.0,0,0.0,100,0.0,100,21.4508,0,41.0,0,0.0,100,0.0,100,21.6457,0,47.0,0,0.0,100,0.0,100,23.1298,0,44.0,0,0.0,100,0.0,100,50.1489,0
2020-09-17,10490.0,0,31.07,0,27.72,0,91.0,0,19760.0,0,125.84,0,48.46,0,293.0,0,20097.0,0,131.85,0,41.67,0,356.0,0,9264.0,0,117.56,0,40.7,0,142.0,0,79.49,0,126.0,0,0.0,100,0.0,100,93.76,0,123.0,0,0.0,100,0.0,100,106.43,0,120.0,0,0.0,100,0.0,100,89.11,0,123.0,0,0.0,100,0.0,100,35.0,0,0.0,100,0.0,100,18.7186,0,40.0,0,0.0,100,0.0,100,20.9133,0,47.0,0,0.0,100,0.0,100,22.0582,0,44.0,0,0.0,100,0.0,100,48.4778,0
2020-09-18,10640.0,0,37.9,0,31.22,0,96.0,0,20129.0,0,149.14,0,51.08,0,295.0,0,20364.0,0,155.51,0,45.19,0,356.0,0,9332.0,0,134.78,0,41.46,0,142.0,0,93.03,0,124.0,0,0.0,100,0.0,100,108.05,0,122.0,0,0.0,100,0.0,100,124.28,0,118.0,0,0.0,100,0.0,100,101.14,0,121.0,0,0.0,100,0.0,100,39.0,0,0.0,100,0.0,100,22.1409,0,43.0,0,0.0,100,0.0,100,25.875999999999998,0,51.0,0,0.0,100,0.0,100,27.8735,0,47.0,0,0.0,100,0.0,100,54.3342,0
2020-09-19,10640.0,0,46.1,0,30.82,0,97.0,0,20129.0,0,145.37,0,40.19,0,296.0,0,20364.0,0,154.51,0,45.53,0,374.0,0,9332.0,0,139.04,0,36.21,0,143.0,0,99.15,0,109.0,0,0.0,100,0.0,100,101.44,0,108.0,0,0.0,100,0.0,100,116.93,0,107.0,0,0.0,100,0.0,100,100.34,0,108.0,0,0.0,100,0.0,100,79.0,0,0.0,100,0.0,100,44.0187,0,87.0,0,0.0,100,0.0,100,63.9421,0,83.0,0,0.0,100,0.0,100,62.0172,0,85.0,0,0.0,100,0.0,100,87.3601,0
2020-09-20,10640.0,0,33.64,0,24.8,0,97.0,0,20129.0,0,109.96,0,39.29,0,296.0,0,20364.0,0,115.93,0,35.11,0,374.0,0,9332.0,0,111.6,0,34.19,0,143.0,0,79.41,0,109.0,0,0.0,100,0.0,100,78.91,0,107.0,0,0.0,100,0.0,100,89.26,0,107.0,0,0.0,100,0.0,100,81.36,0,108.0,0,0.0,100,0.0,100,80.0,0,0.0,100,0.0,100,33.9879,0,87.0,0,0.0,100,0.0,100,46.6079,0,82.0,0,0.0,100,0.0,100,44.3188,0,84.0,0,0.0,100,0.0,100,68.6898,0
2020-09-21,10807.0,0,28.38,0,27.08,0,99.0,0,20511.0,0,111.8,0,43.21,0,297.0,0,20641.0,0,118.0,0,40.6,0,374.0,0,9598.0,0,106.2,0,36.54,0,143.0,0,71.85,0,125.0,0,0.0,100,0.0,100,83.42,0,123.0,0,0.0,100,0.0,100,95.83,0,119.0,0,0.0,100,0.0,100,81.04,0,122.0,0,0.0,100,0.0,100,33.0,0,0.0,100,0.0,100,20.136,0,40.0,0,0.0,100,0.0,100,16.717,0,47.0,0,0.0,100,0.0,100,19.4983,0,43.0,0,0.0,100,0.0,100,45.9891,0
2020-09-22,10865.0,0,29.67,0,25.48,0,99.0,0,20587.0,0,121.99,0,38.75,0,299.0,0,20748.0,0,120.74,0,39.0,0,390.0,0,9625.0,0,109.2,0,34.9,0,144.0,0,72.91,0,125.0,0,0.0,100,0.0,100,87.65,0,123.0,0,0.0,100,0.0,100,96.93,0,120.0,0,0.0,100,0.0,100,81.64,0,122.0,0,0.0,100,0.0,100,34.0,0,0.0,100,0.0,100,20.6211,0,40.0,0,0.0,100,0.0,100,19.9411,0,47.0,0,0.0,100,0.0,100,23.375,0,44.0,0,0.0,100,0.0,100,48.9343,0
2020-09-23,10901.0,0,30.5,0,27.39,0,99.0,0,20648.0,0,123.03,0,36.43,0,300.0,0,20839.0,0,126.68,0,42.27,0,395.0,0,9664.0,0,112.09,0,36.54,0,144.0,0,79.17,0,125.0,0,0.0,100,0.0,100,89.12,0,123.0,0,0.0,100,0.0,100,101.98,0,120.0,0,0.0,100,0.0,100,84.73,0,122.0,0,0.0,100,0.0,100,35.0,0,0.0,100,0.0,100,24.1526,0,41.0,0,0.0,100,0.0,100,22.6919,0,48.0,0,0.0,100,0.0,100,25.5413,0,45.0,0,0.0,100,0.0,100,54.4059,0
2020-09-24,10946.0,0,30.38,0,26.79,0,99.0,0,20756.0,0,121.37,0,36.58,0,304.0,0,20951.0,0,124.43,0,43.64,0,397.0,0,9714.0,0,112.59,0,35.02,0,144.0,0,79.62,0,126.0,0,0.0,100,0.0,100,90.19,0,124.0,0,0.0,100,0.0,100,103.7,0,120.0,0,0.0,100,0.0,100,86.73,0,123.0,0,0.0,100,0.0,100,35.0,0,0.0,100,0.0,100,20.9054,0,40.0,0,0.0,100,0.0,100,20.6569,0,47.0,0,0.0,100,0.0,100,23.9426,0,45.0,0,0.0,100,0.0,100,51.9056,0
2020-09-25,11038.0,0,38.83,0,30.2,0,99.0,0,20882.0,0,145.53,0,37.16,0,306.0,0,21028.0,0,151.33,0,48.19,0,404.0,0,9785.0,0,135.33,0,37.88,0,150.0,0,94.41,0,123.0,0,0.0,100,0.0,100,106.43,0,122.0,0,0.0,100,0.0,100,126.68,0,118.0,0,0.0,100,0.0,100,101.89,0,121.0,0,0.0,100,0.0,100,39.0,0,0.0,100,0.0,100,22.8436,0,44.0,0,0.0,100,0.0,100,27.4129,0,51.0,0,0.0,100,0.0,100,28.8045,0,48.0,0,0.0,100,0.0,100,61.1865,0
2020-09-26,11076.0,0,48.83,0,31.82,0,101.0,0,21030.0,0,144.71,0,35.81,0,311.0,0,21136.0,0,149.85,0,44.69,0,406.0,0,9843.0,0,137.72,0,36.99,0,150.0,0,99.95,0,109.0,0,0.0,100,0.0,100,100.72,0,107.0,0,0.0,100,0.0,100,112.72,0,107.0,0,0.0,100,0.0,100,102.14,0,108.0,0,0.0,100,0.0,100,81.0,0,0.0,100,0.0,100,49.6011,0,89.0,0,0.0,100,0.0,100,71.3649,0,85.0,0,0.0,100,0.0,100,63.4418,0,87.0,0,0.0,100,0.0,100,98.7271,0
2020-09-27,11143.0,0,37.03,0,27.51,0,101.0,0,21153.0,0,107.62,0,31.04,0,312.0,0,21189.0,0,115.0,0,38.66,0,406.0,0,9843.0,0,106.55,0,33.43,0,150.0,0,84.06,0,108.0,0,0.0,100,0.0,100,78.44,0,107.0,0,0.0,100,0.0,100,88.7,0,107.0,0,0.0,100,0.0,100,85.76,0,107.0,0,0.0,100,0.0,100,80.0,0,0.0,100,0.0,100,43.4444,0,88.0,0,0.0,100,0.0,100,54.8882,0,82.0,0,0.0,100,0.0,100,50.8152,0,84.0,0,0.0,100,0.0,100,85.7019,0
2020-09-28,11195.0,0,28.9,0,26.41,0,101.0,0,21241.0,0,108.43,0,39.83,0,314.0,0,21240.0,0,109.77,0,40.24,0,406.0,0,9897.0,0,106.0,0,34.18,0,150.0,0,74.02,0,125.0,0,70.0,0,68.0,0,82.17,0,123.0,0,83.0,0,87.0,0,95.02,0,119.0,0,81.0,0,91.0,0,83.06,0,122.0,0,84.0,0,101.0,0,33.0,0,45.0,0,29.0,0,21.0831,0,41.0,0,62.0,0,36.0,0,21.2129,0,48.0,0,65.0,0,37.0,0,21.9868,0,44.0,0,69.0,0,32.0,0,51.7409,0
2020-09-29,11238.0,0,28.48,0,25.16,0,101.0,0,21294.0,0,118.22,0,48.82,0,318.0,0,21323.0,0,112.98,0,40.99,0,408.0,0,9950.0,0,107.33,0,34.74,0,150.0,0,71.84,0,125.0,0,70.0,0,65.0,0,85.48,0,123.0,0,85.0,0,99.0,0,96.75,0,120.0,0,85.0,0,103.0,0,80.85,0,122.0,0,87.0,0,97.0,0,34.0,0,44.0,0,27.0,0,18.3346,0,42.0,0,62.0,0,36.0,0,18.458,0,49.0,0,64.0,0,37.0,0,19.8455,0,46.0,0,68.0,0,31.0,0,40.1298,0
2020-09-30,11275.0,0,28.94,0,26.96,0,104.0,0,21379.0,0,117.19,0,45.07,0,322.0,0,21383.0,0,117.18,0,41.16,0,412.0,0,9990.0,0,111.01,0,36.16,0,150.0,0,80.23,0,124.0,0,73.0,0,68.0,0,88.29,0,123.0,0,87.0,0,89.0,0,100.7,0,119.0,0,85.0,0,96.0,0,84.15,0,122.0,0,89.0,0,89.0,0,35.0,0,44.0,0,28.0,0,19.3533,0,41.0,0,62.0,0,37.0,0,20.3405,0,49.0,0,66.0,0,38.0,0,21.3409,0,45.0,0,69.0,0,33.0,0,46.2354,0
2020-10-01,11332.0,0,29.37,0,27.93,0,106.0,0,21457.0,0,116.81,0,52.28,0,325.0,0,21458.0,0,116.74,0,41.13,0,420.0,0,10069.0,0,108.3,0,38.3,0,150.0,0,75.5,0,126.0,0,74.0,0,58.0,0,89.16,0,123.0,0,88.0,0,79.0,0,101.51,0,120.0,0,86.0,0,87.0,0,82.0,0,123.0,0,90.0,0,77.0,0,36.0,0,43.0,0,28.0,0,19.9295,0,41.0,0,62.0,0,36.0,0,20.4574,0,49.0,0,66.0,0,38.0,0,20.875,0,46.0,0,69.0,0,33.0,0,48.891999999999996,0
2020-10-02,11360.0,0,34.92,0,31.32,0,107.0,0,21605.0,0,135.18,0,50.5,0,330.0,0,21508.0,0,132.49,0,45.01,0,420.0,0,10126.0,0,123.7,0,42.04,0,152.0,0,86.94,0,124.0,0,72.0,0,55.0,0,102.75,0,123.0,0,86.0,0,72.0,0,117.17,0,119.0,0,85.0,0,76.0,0,92.81,0,122.0,0,87.0,0,78.0,0,39.0,0,43.0,0,31.0,0,23.6122,0,44.0,0,62.0,0,37.0,0,26.433000000000003,0,53.0,0,63.0,0,40.0,0,26.8077,0,48.0,0,67.0,0,33.0,0,50.8099,0
2020-10-03,11414.0,0,45.91,0,32.82,0,107.0,0,21734.0,0,133.72,0,37.92,0,333.0,0,21621.0,0,132.57,0,43.03,0,426.0,0,10207.0,0,130.57,0,36.43,0,152.0,0,94.55,0,110.0,0,76.0,0,85.0,0,95.78,0,109.0,0,85.0,0,78.0,0,105.4,0,108.0,0,86.0,0,89.0,0,98.71,0,109.0,0,94.0,0,109.0,0,79.0,0,49.0,0,43.0,0,52.4848,0,87.0,0,61.0,0,51.0,0,70.2663,0,84.0,0,63.0,0,49.0,0,63.6982,0,89.0,0,70.0,0,35.0,0,98.3921,0
2020-10-04,11475.0,0,33.12,0,28.27,0,108.0,0,21840.0,0,107.27,0,44.22,0,344.0,0,21708.0,0,109.4,0,37.85,0,426.0,0,10207.0,0,102.15,0,35.35,0,152.0,0,74.67,0,109.0,0,70.0,0,79.0,0,76.99,0,107.0,0,81.0,0,104.0,0,85.2,0,107.0,0,83.0,0,113.0,0,78.63,0,108.0,0,90.0,0,114.0,0,80.0,0,50.0,0,43.0,0,40.4672,0,88.0,0,63.0,0,47.0,0,54.3843,0,83.0,0,65.0,0,51.0,0,47.0758,0,85.0,0,70.0,0,34.0,0,81.3013,0
2020-10-05,11480.0,0,27.34,0,26.88,0,108.0,0,21926.0,0,104.88,0,48.39,0,345.0,0,21746.0,0,106.25,0,40.02,0,425.0,0,10275.0,0,97.87,0,36.92,0,152.0,0,68.97,0,124.0,0,73.0,0,64.0,0,81.33,0,123.0,0,83.0,0,94.0,0,92.72,0,119.0,0,82.0,0,94.0,0,76.65,0,121.0,0,84.0,0,91.0,0,34.0,0,46.0,0,28.0,0,19.1901,0,41.0,0,63.0,0,36.0,0,19.0036,0,49.0,0,66.0,0,37.0,0,19.6887,0,44.0,0,68.0,0,32.0,0,45.0098,0
2020-10-06,11505.0,0,27.76,0,25.83,0,111.0,0,21978.0,0,113.17,0,36.34,0,347.0,0,21809.0,0,111.23,0,42.53,0,427.0,0,10309.0,0,100.01,0,34.57,0,154.0,0,69.48,0,125.0,0,73.0,0,66.0,0,83.54,0,123.0,0,85.0,0,102.0,0,95.07,0,119.0,0,86.0,0,104.0,0,78.6,0,122.0,0,87.0,0,97.0,0,34.0,0,46.0,0,28.0,0,20.3513,0,42.0,0,62.0,0,36.0,0,18.459,0,48.0,0,65.0,0,38.0,0,19.9925,0,45.0,0,68.0,0,30.0,0,39.7154,0
2020-10-07,11533.0,0,28.21,0,28.99,0,114.0,0,22056.0,0,112.53,0,62.19,0,353.0,0,21845.0,0,112.88,0,40.57,0,440.0,0,10347.0,0,105.58,0,39.0,0,154.0,0,72.44,0,125.0,0,69.0,0,59.0,0,86.12,0,123.0,0,84.0,0,92.0,0,98.87,0,119.0,0,82.0,0,95.0,0,80.52,0,122.0,0,84.0,0,86.0,0,35.0,0,43.0,0,28.0,0,16.8567,0,42.0,0,61.0,0,35.0,0,19.6854,0,49.0,0,64.0,0,37.0,0,21.552,0,46.0,0,66.0,0,32.0,0,46.0194,0
2020-10-08,11551.0,0,30.1,0,27.86,0,115.0,0,22154.0,0,113.0,0,46.47,0,354.0,0,21938.0,0,113.46,0,39.86,0,440.0,0,10395.0,0,103.78,0,36.3,0,154.0,0,74.95,0,126.0,0,70.0,0,59.0,0,87.74,0,123.0,0,85.0,0,99.0,0,100.58,0,120.0,0,84.0,0,100.0,0,82.26,0,123.0,0,87.0,0,88.0,0,35.0,0,43.0,0,30.0,0,23.2595,0,41.0,0,62.0,0,35.0,0,21.6396,0,49.0,0,64.0,0,38.0,0,20.8138,0,46.0,0,67.0,0,33.0,0,49.8548,0
2020-10-09,11608.0,0,38.65,0,31.57,0,121.0,0,22312.0,0,138.48,0,48.25,0,357.0,0,21938.0,0,137.94,0,47.12,0,440.0,0,10452.0,0,126.13,0,42.26,0,155.0,0,90.55,0,123.0,0,72.0,0,67.0,0,103.53,0,122.0,0,87.0,0,100.0,0,121.91,0,118.0,0,85.0,0,100.0,0,95.55,0,121.0,0,86.0,0,96.0,0,39.0,0,44.0,0,33.0,0,26.1909,0,45.0,0,63.0,0,38.0,0,27.171999999999997,0,53.0,0,64.0,0,40.0,0,26.903000000000002,0,48.0,0,67.0,0,34.0,0,63.4587,0
